1,90174,5670,FaceBook,http://iosapps.com/?utm=apple,2025-04-13 01:15:01,extra6
2,12649,1989,facebook,http://social.com?src=fb,2025-04-13 01:15:01,extra10
3,68305,5115,aPpLe,http://apple.com/ad?campaign=123,2025-04-13 01:15:01,extra5
4,82302,8445,FaceBook,http://iosapps.com/?utm=apple,2025-04-13 01:15:01,extra2
5,69820,7670,google,http://fb.com/ad,2025-04-13 01:15:01,extra8
6,10279,3133,google,http://social.com?src=fb,2025-04-13 01:15:01,extra6
7,82780,9295,aPpLe,http://baidu.cn/search?q=test,2025-04-13 01:15:01,extra6
8,99679,6972,baidu,http://social.com?src=fb,2025-04-13 01:15:01,extra9
9,23723,6692,FaceBook,http://baidu.cn/search?q=test,2025-04-13 01:15:01,extra2
10,28081,6865,aPpLe,http://iosapps.com/?utm=apple,2025-04-13 01:15:01,extra9
11,40523,7455,FaceBook,http://baidu.cn/search?q=test,2025-04-13 01:15:01,extra3
12,76326,8782,FaceBook,http://fb.com/ad,2025-04-13 01:15:01,extra2
13,49505,9972,Apple,http://social.com?src=fb,2025-04-13 01:15:01,extra5
14,33417,7300,baidu,http://fb.com/ad,2025-04-13 01:15:01,extra1
15,18322,5151,aPpLe,http://google.com/track,2025-04-13 01:15:01,extra2
16,18418,4486,baidu,http://iosapps.com/?utm=apple,2025-04-13 01:15:01,extra8
17,35575,4139,google,http://apple.com/ad?campaign=123,2025-04-13 01:15:01,extra5
18,91271,4486,aPpLe,http://social.com?src=fb,2025-04-13 01:15:01,extra3
19,63656,9237,google,http://google.com/track,2025-04-13 01:15:01,extra10
20,57900,4391,facebook,http://iosapps.com/?utm=apple,2025-04-13 01:15:01,extra8
21,38145,5107,FaceBook,http://google.com/track,2025-04-13 01:15:01,extra2
22,92836,9462,google,http://social.com?src=fb,2025-04-13 01:15:01,extra4
23,54370,7118,baidu,http://google.com/track,2025-04-13 01:15:01,extra8
24,31228,4637,Apple,http://google.com/track,2025-04-13 01:15:01,extra10
25,82447,8639,aPpLe,http://baidu.cn/search?q=test,2025-04-13 01:15:01,extra10
26,94200,5672,google,http://social.com?src=fb,2025-04-13 01:15:01,extra1
27,22558,5224,Apple,http://iosapps.com/?utm=apple,2025-04-13 01:15:01,extra1
28,52112,6669,FaceBook,http://baidu.cn/search?q=test,2025-04-13 01:15:01,extra9
29,10404,3962,Apple,http://iosapps.com/?utm=apple,2025-04-13 01:15:01,extra4
30,83486,9977,google,http://baidu.cn/search?q=test,2025-04-13 01:15:01,extra7
31,52196,1458,baidu,http://fb.com/ad,2025-04-13 01:15:01,extra10
32,96197,7013,FaceBook,http://apple.com/ad?campaign=123,2025-04-13 01:15:01,extra4
33,49420,3222,aPpLe,http://social.com?src=fb,2025-04-13 01:15:01,extra4
34,25127,6255,FaceBook,http://google.com/track,2025-04-13 01:15:01,extra5
35,58033,4445,facebook,http://apple.com/ad?campaign=123,2025-04-13 01:15:01,extra7
36,89210,8621,google,http://social.com?src=fb,2025-04-13 01:15:01,extra7
37,47475,4684,aPpLe,http://baidu.cn/search?q=test,2025-04-13 01:15:01,extra10
38,32668,3404,google,http://apple.com/ad?campaign=123,2025-04-13 01:15:01,extra6
39,64623,1422,Apple,http://baidu.cn/search?q=test,2025-04-13 01:15:01,extra1
40,87586,2784,baidu,http://fb.com/ad,2025-04-13 01:15:01,extra7
41,99917,4790,FaceBook,http://fb.com/ad,2025-04-13 01:15:01,extra8
42,39729,5305,Apple,http://fb.com/ad,2025-04-13 01:15:01,extra7
43,29392,7641,Apple,http://google.com/track,2025-04-13 01:15:01,extra1
44,99173,4059,FaceBook,http://baidu.cn/search?q=test,2025-04-13 01:15:01,extra6
45,54771,8500,facebook,http://fb.com/ad,2025-04-13 01:15:01,extra7
46,26140,5461,aPpLe,http://baidu.cn/search?q=test,2025-04-13 01:15:01,extra9
47,20572,2181,facebook,http://baidu.cn/search?q=test,2025-04-13 01:15:01,extra3
48,28061,4462,baidu,http://apple.com/ad?campaign=123,2025-04-13 01:15:01,extra8
49,37869,2071,Apple,http://baidu.cn/search?q=test,2025-04-13 01:15:01,extra10
50,11545,9936,baidu,http://iosapps.com/?utm=apple,2025-04-13 01:15:01,extra4
51,38012,8313,baidu,http://google.com/track,2025-04-13 01:15:01,extra2
52,17591,6951,FaceBook,http://social.com?src=fb,2025-04-13 01:15:01,extra6
53,91016,2705,Apple,http://iosapps.com/?utm=apple,2025-04-13 01:15:01,extra10
54,56688,5041,google,http://apple.com/ad?campaign=123,2025-04-13 01:15:01,extra7
55,51976,4766,FaceBook,http://google.com/track,2025-04-13 01:15:01,extra3
56,88030,1717,FaceBook,http://apple.com/ad?campaign=123,2025-04-13 01:15:01,extra5
57,65376,4198,baidu,http://iosapps.com/?utm=apple,2025-04-13 01:15:01,extra8
58,91974,2106,google,http://fb.com/ad,2025-04-13 01:15:01,extra7
59,52762,8316,Apple,http://google.com/track,2025-04-13 01:15:01,extra2
60,43941,5412,facebook,http://google.com/track,2025-04-13 01:15:01,extra7
61,16596,5126,baidu,http://baidu.cn/search?q=test,2025-04-13 01:15:01,extra1
62,58944,4022,aPpLe,http://apple.com/ad?campaign=123,2025-04-13 01:15:01,extra7
63,51775,3239,facebook,http://google.com/track,2025-04-13 01:15:01,extra5
64,29781,4406,Apple,http://apple.com/ad?campaign=123,2025-04-13 01:15:01,extra8
65,88444,1192,FaceBook,http://social.com?src=fb,2025-04-13 01:15:01,extra8
66,70251,3669,facebook,http://google.com/track,2025-04-13 01:15:01,extra3
67,17081,8594,Apple,http://apple.com/ad?campaign=123,2025-04-13 01:15:01,extra10
68,76446,8466,google,http://fb.com/ad,2025-04-13 01:15:01,extra3
69,40084,7228,FaceBook,http://google.com/track,2025-04-13 01:15:01,extra3
70,66612,8216,FaceBook,http://google.com/track,2025-04-13 01:15:01,extra10
71,45349,2547,baidu,http://fb.com/ad,2025-04-13 01:15:01,extra4
72,30297,8111,google,http://google.com/track,2025-04-13 01:15:01,extra3
73,84433,3889,aPpLe,http://baidu.cn/search?q=test,2025-04-13 01:15:01,extra7
74,74317,8245,google,http://social.com?src=fb,2025-04-13 01:15:01,extra7
75,56125,7320,Apple,http://baidu.cn/search?q=test,2025-04-13 01:15:01,extra3
76,96766,7183,Apple,http://fb.com/ad,2025-04-13 01:15:01,extra6
77,19433,6262,baidu,http://google.com/track,2025-04-13 01:15:01,extra7
78,12154,3857,Apple,http://apple.com/ad?campaign=123,2025-04-13 01:15:01,extra8
79,26702,7247,FaceBook,http://social.com?src=fb,2025-04-13 01:15:01,extra9
80,30662,5065,aPpLe,http://baidu.cn/search?q=test,2025-04-13 01:15:01,extra6
81,85354,1386,aPpLe,http://baidu.cn/search?q=test,2025-04-13 01:15:01,extra6
82,72047,9053,google,http://social.com?src=fb,2025-04-13 01:15:01,extra9
83,26169,3999,facebook,http://iosapps.com/?utm=apple,2025-04-13 01:15:01,extra1
84,12361,2073,baidu,http://social.com?src=fb,2025-04-13 01:15:01,extra9
85,44674,6439,aPpLe,http://apple.com/ad?campaign=123,2025-04-13 01:15:01,extra7
86,96273,2574,Apple,http://fb.com/ad,2025-04-13 01:15:01,extra6
87,15669,6644,FaceBook,http://google.com/track,2025-04-13 01:15:01,extra2
88,78976,5842,google,http://fb.com/ad,2025-04-13 01:15:01,extra1
89,27597,6683,FaceBook,http://google.com/track,2025-04-13 01:15:01,extra10
90,97105,9319,aPpLe,http://fb.com/ad,2025-04-13 01:15:01,extra5
91,97822,8326,Apple,http://iosapps.com/?utm=apple,2025-04-13 01:15:01,extra3
92,23590,6086,FaceBook,http://social.com?src=fb,2025-04-13 01:15:01,extra5
93,85754,4167,baidu,http://iosapps.com/?utm=apple,2025-04-13 01:15:01,extra7
94,72803,8471,aPpLe,http://apple.com/ad?campaign=123,2025-04-13 01:15:01,extra5
95,69722,8140,Apple,http://iosapps.com/?utm=apple,2025-04-13 01:15:01,extra6
96,25910,4402,aPpLe,http://social.com?src=fb,2025-04-13 01:15:01,extra10
97,92003,8028,aPpLe,http://baidu.cn/search?q=test,2025-04-13 01:15:01,extra5
98,17352,7351,Apple,http://social.com?src=fb,2025-04-13 01:15:01,extra5
99,71112,5161,baidu,http://iosapps.com/?utm=apple,2025-04-13 01:15:01,extra8
100,82131,6065,baidu,http://baidu.cn/search?q=test,2025-04-13 01:15:01,extra2
101,45686,9039,FaceBook,http://baidu.cn/search?q=test,2025-04-13 01:15:01,extra4
102,53891,6667,google,http://social.com?src=fb,2025-04-13 01:15:01,extra8
103,38505,4591,aPpLe,http://fb.com/ad,2025-04-13 01:15:01,extra6
104,25986,4115,Apple,http://iosapps.com/?utm=apple,2025-04-13 01:15:01,extra5
105,35766,3397,Apple,http://apple.com/ad?campaign=123,2025-04-13 01:15:01,extra3
106,38971,3240,aPpLe,http://social.com?src=fb,2025-04-13 01:15:01,extra1
107,56304,1660,FaceBook,http://iosapps.com/?utm=apple,2025-04-13 01:15:01,extra8
108,74195,4806,aPpLe,http://baidu.cn/search?q=test,2025-04-13 01:15:01,extra10
109,26858,2476,google,http://baidu.cn/search?q=test,2025-04-13 01:15:01,extra3
110,20952,3588,Apple,http://social.com?src=fb,2025-04-13 01:15:01,extra1
111,32934,8185,aPpLe,http://fb.com/ad,2025-04-13 01:15:01,extra10
112,25819,9189,FaceBook,http://baidu.cn/search?q=test,2025-04-13 01:15:01,extra6
113,27190,6542,google,http://apple.com/ad?campaign=123,2025-04-13 01:15:01,extra7
114,48782,8297,google,http://social.com?src=fb,2025-04-13 01:15:01,extra7
115,10883,7627,baidu,http://apple.com/ad?campaign=123,2025-04-13 01:15:01,extra4
116,14778,4603,baidu,http://google.com/track,2025-04-13 01:15:01,extra2
117,42170,4399,baidu,http://fb.com/ad,2025-04-13 01:15:01,extra10
118,71096,1389,FaceBook,http://iosapps.com/?utm=apple,2025-04-13 01:15:01,extra1
119,29199,4864,Apple,http://iosapps.com/?utm=apple,2025-04-13 01:15:01,extra10
120,12942,2940,Apple,http://social.com?src=fb,2025-04-13 01:15:01,extra5
121,69612,1169,aPpLe,http://apple.com/ad?campaign=123,2025-04-13 01:15:01,extra3
122,93373,5423,FaceBook,http://social.com?src=fb,2025-04-13 01:15:01,extra9
123,18725,6596,google,http://iosapps.com/?utm=apple,2025-04-13 01:15:01,extra2
124,39055,3288,facebook,http://iosapps.com/?utm=apple,2025-04-13 01:15:01,extra7
125,25753,7612,aPpLe,http://fb.com/ad,2025-04-13 01:15:01,extra10
126,84092,3248,Apple,http://social.com?src=fb,2025-04-13 01:15:01,extra8
127,97859,2625,google,http://google.com/track,2025-04-13 01:15:01,extra1
128,73180,7972,facebook,http://fb.com/ad,2025-04-13 01:15:01,extra10
129,74267,7043,baidu,http://fb.com/ad,2025-04-13 01:15:01,extra10
130,75521,4976,Apple,http://baidu.cn/search?q=test,2025-04-13 01:15:01,extra7
131,67916,9882,google,http://apple.com/ad?campaign=123,2025-04-13 01:15:01,extra5
132,87543,7377,Apple,http://fb.com/ad,2025-04-13 01:15:01,extra6
133,49938,3532,google,http://social.com?src=fb,2025-04-13 01:15:01,extra7
134,72356,1547,facebook,http://google.com/track,2025-04-13 01:15:01,extra4
135,16132,9068,google,http://fb.com/ad,2025-04-13 01:15:01,extra10
136,53474,6622,facebook,http://social.com?src=fb,2025-04-13 01:15:01,extra3
137,52766,8697,baidu,http://baidu.cn/search?q=test,2025-04-13 01:15:01,extra9
138,85775,2933,aPpLe,http://fb.com/ad,2025-04-13 01:15:01,extra6
139,37892,4653,google,http://iosapps.com/?utm=apple,2025-04-13 01:15:01,extra5
140,21564,5569,aPpLe,http://apple.com/ad?campaign=123,2025-04-13 01:15:01,extra4
141,98234,8292,aPpLe,http://baidu.cn/search?q=test,2025-04-13 01:15:01,extra1
142,37485,9797,baidu,http://apple.com/ad?campaign=123,2025-04-13 01:15:01,extra6
143,23616,6021,Apple,http://social.com?src=fb,2025-04-13 01:15:01,extra2
144,87857,2979,google,http://social.com?src=fb,2025-04-13 01:15:01,extra7
145,72862,8334,aPpLe,http://google.com/track,2025-04-13 01:15:01,extra8
146,77190,7415,facebook,http://google.com/track,2025-04-13 01:15:01,extra9
147,75927,3426,Apple,http://baidu.cn/search?q=test,2025-04-13 01:15:01,extra3
148,64341,9827,google,http://fb.com/ad,2025-04-13 01:15:01,extra6
149,40010,2697,facebook,http://social.com?src=fb,2025-04-13 01:15:01,extra7
150,67068,2565,Apple,http://iosapps.com/?utm=apple,2025-04-13 01:15:01,extra10
151,39246,1354,Apple,http://iosapps.com/?utm=apple,2025-04-13 01:15:01,extra2
152,73115,8953,Apple,http://social.com?src=fb,2025-04-13 01:15:01,extra7
153,81939,2172,Apple,http://apple.com/ad?campaign=123,2025-04-13 01:15:01,extra5
154,11535,7497,facebook,http://baidu.cn/search?q=test,2025-04-13 01:15:01,extra10
155,45782,1727,baidu,http://fb.com/ad,2025-04-13 01:15:01,extra10
156,49011,1980,baidu,http://social.com?src=fb,2025-04-13 01:15:01,extra10
157,25811,8262,FaceBook,http://google.com/track,2025-04-13 01:15:01,extra9
158,76654,2515,aPpLe,http://fb.com/ad,2025-04-13 01:15:01,extra9
159,91068,6609,baidu,http://iosapps.com/?utm=apple,2025-04-13 01:15:01,extra3
160,80492,9027,baidu,http://iosapps.com/?utm=apple,2025-04-13 01:15:01,extra8
161,41248,6510,baidu,http://baidu.cn/search?q=test,2025-04-13 01:15:01,extra3
162,37130,6931,google,http://google.com/track,2025-04-13 01:15:01,extra8
163,46193,4065,facebook,http://iosapps.com/?utm=apple,2025-04-13 01:15:01,extra2
164,37731,1135,Apple,http://baidu.cn/search?q=test,2025-04-13 01:15:01,extra6
165,88410,4105,FaceBook,http://baidu.cn/search?q=test,2025-04-13 01:15:01,extra9
166,69359,2890,FaceBook,http://iosapps.com/?utm=apple,2025-04-13 01:15:01,extra5
167,52207,8487,aPpLe,http://iosapps.com/?utm=apple,2025-04-13 01:15:01,extra1
168,16635,8313,baidu,http://google.com/track,2025-04-13 01:15:01,extra6
169,95157,9008,google,http://iosapps.com/?utm=apple,2025-04-13 01:15:01,extra10
170,31578,8472,facebook,http://fb.com/ad,2025-04-13 01:15:01,extra8
171,23381,6981,baidu,http://baidu.cn/search?q=test,2025-04-13 01:15:01,extra10
172,33205,1188,baidu,http://fb.com/ad,2025-04-13 01:15:01,extra10
173,27347,3870,FaceBook,http://google.com/track,2025-04-13 01:15:01,extra7
174,83757,8361,google,http://baidu.cn/search?q=test,2025-04-13 01:15:01,extra7
175,70820,6790,google,http://social.com?src=fb,2025-04-13 01:15:01,extra5
176,46304,1469,baidu,http://social.com?src=fb,2025-04-13 01:15:01,extra4
177,71618,7875,facebook,http://iosapps.com/?utm=apple,2025-04-13 01:15:01,extra8
178,65146,5474,FaceBook,http://fb.com/ad,2025-04-13 01:15:01,extra5
179,79335,7298,google,http://fb.com/ad,2025-04-13 01:15:01,extra2
180,93537,5074,google,http://iosapps.com/?utm=apple,2025-04-13 01:15:01,extra9
181,64131,5400,Apple,http://google.com/track,2025-04-13 01:15:01,extra2
182,67121,6845,aPpLe,http://fb.com/ad,2025-04-13 01:15:01,extra6
183,40487,9855,FaceBook,http://google.com/track,2025-04-13 01:15:01,extra8
184,23723,1489,baidu,http://social.com?src=fb,2025-04-13 01:15:01,extra10
185,61727,1846,baidu,http://iosapps.com/?utm=apple,2025-04-13 01:15:01,extra10
186,74859,9950,facebook,http://google.com/track,2025-04-13 01:15:01,extra1
187,15825,6485,aPpLe,http://social.com?src=fb,2025-04-13 01:15:01,extra10
188,60530,3117,baidu,http://apple.com/ad?campaign=123,2025-04-13 01:15:01,extra8
189,71481,7781,FaceBook,http://iosapps.com/?utm=apple,2025-04-13 01:15:01,extra2
190,28037,5078,FaceBook,http://social.com?src=fb,2025-04-13 01:15:01,extra9
191,63480,3918,facebook,http://social.com?src=fb,2025-04-13 01:15:01,extra2
192,90819,2745,google,http://baidu.cn/search?q=test,2025-04-13 01:15:01,extra8
193,97670,5737,Apple,http://iosapps.com/?utm=apple,2025-04-13 01:15:01,extra2
194,85316,9366,facebook,http://social.com?src=fb,2025-04-13 01:15:01,extra8
195,80919,7894,google,http://apple.com/ad?campaign=123,2025-04-13 01:15:01,extra1
196,50577,2092,baidu,http://social.com?src=fb,2025-04-13 01:15:01,extra8
197,48728,2583,facebook,http://baidu.cn/search?q=test,2025-04-13 01:15:01,extra2
198,61452,4169,facebook,http://baidu.cn/search?q=test,2025-04-13 01:15:01,extra10
199,74231,3638,baidu,http://google.com/track,2025-04-13 01:15:01,extra7
200,68689,9305,Apple,http://google.com/track,2025-04-13 01:15:01,extra3
201,16722,4636,FaceBook,http://apple.com/ad?campaign=123,2025-04-13 01:15:01,extra8
202,59587,9136,FaceBook,http://apple.com/ad?campaign=123,2025-04-13 01:15:01,extra5
203,62509,5462,baidu,http://apple.com/ad?campaign=123,2025-04-13 01:15:01,extra5
204,34919,9704,aPpLe,http://baidu.cn/search?q=test,2025-04-13 01:15:01,extra4
205,43617,6786,google,http://baidu.cn/search?q=test,2025-04-13 01:15:01,extra6
206,10978,9083,Apple,http://iosapps.com/?utm=apple,2025-04-13 01:15:01,extra1
207,12719,2700,aPpLe,http://apple.com/ad?campaign=123,2025-04-13 01:15:01,extra10
208,44266,4338,Apple,http://fb.com/ad,2025-04-13 01:15:01,extra3
209,79056,1810,facebook,http://apple.com/ad?campaign=123,2025-04-13 01:15:01,extra1
210,24204,4321,google,http://apple.com/ad?campaign=123,2025-04-13 01:15:01,extra10
211,38969,8181,baidu,http://fb.com/ad,2025-04-13 01:15:01,extra10
212,36336,9156,aPpLe,http://baidu.cn/search?q=test,2025-04-13 01:15:01,extra6
213,70622,1039,baidu,http://google.com/track,2025-04-13 01:15:01,extra7
214,20122,7464,aPpLe,http://social.com?src=fb,2025-04-13 01:15:01,extra9
215,10252,3361,google,http://baidu.cn/search?q=test,2025-04-13 01:15:01,extra3
216,28037,7763,google,http://baidu.cn/search?q=test,2025-04-13 01:15:01,extra4
217,69590,9430,baidu,http://social.com?src=fb,2025-04-13 01:15:01,extra9
218,51645,4149,Apple,http://fb.com/ad,2025-04-13 01:15:01,extra3
219,24373,9038,facebook,http://social.com?src=fb,2025-04-13 01:15:01,extra5
220,15506,4369,FaceBook,http://google.com/track,2025-04-13 01:15:01,extra7
221,63639,6523,facebook,http://social.com?src=fb,2025-04-13 01:15:01,extra3
222,66335,3886,Apple,http://social.com?src=fb,2025-04-13 01:15:01,extra1
223,17677,6195,aPpLe,http://social.com?src=fb,2025-04-13 01:15:01,extra2
224,23186,5348,FaceBook,http://social.com?src=fb,2025-04-13 01:15:01,extra2
225,18911,4560,FaceBook,http://google.com/track,2025-04-13 01:15:01,extra7
226,41748,8990,aPpLe,http://fb.com/ad,2025-04-13 01:15:01,extra4
227,44273,8214,FaceBook,http://baidu.cn/search?q=test,2025-04-13 01:15:01,extra10
228,11286,2192,FaceBook,http://baidu.cn/search?q=test,2025-04-13 01:15:01,extra5
229,22145,2011,Apple,http://iosapps.com/?utm=apple,2025-04-13 01:15:01,extra9
230,41670,7450,FaceBook,http://social.com?src=fb,2025-04-13 01:15:01,extra4
231,74300,6658,facebook,http://social.com?src=fb,2025-04-13 01:15:01,extra3
232,13286,8063,google,http://google.com/track,2025-04-13 01:15:01,extra5
233,22969,7726,aPpLe,http://apple.com/ad?campaign=123,2025-04-13 01:15:01,extra2
234,64388,8435,Apple,http://google.com/track,2025-04-13 01:15:01,extra6
235,99494,7796,Apple,http://baidu.cn/search?q=test,2025-04-13 01:15:01,extra8
236,79409,6019,facebook,http://baidu.cn/search?q=test,2025-04-13 01:15:01,extra3
237,58991,9777,baidu,http://social.com?src=fb,2025-04-13 01:15:01,extra4
238,14353,2471,aPpLe,http://apple.com/ad?campaign=123,2025-04-13 01:15:01,extra4
239,29977,2366,google,http://google.com/track,2025-04-13 01:15:01,extra4
240,27871,3023,aPpLe,http://google.com/track,2025-04-13 01:15:01,extra8
241,55560,4934,FaceBook,http://fb.com/ad,2025-04-13 01:15:01,extra3
242,73326,4908,FaceBook,http://social.com?src=fb,2025-04-13 01:15:01,extra10
243,68032,5500,Apple,http://fb.com/ad,2025-04-13 01:15:01,extra3
244,15446,1410,aPpLe,http://google.com/track,2025-04-13 01:15:01,extra1
245,22145,9376,aPpLe,http://baidu.cn/search?q=test,2025-04-13 01:15:01,extra7
246,69257,4292,Apple,http://fb.com/ad,2025-04-13 01:15:01,extra8
247,91103,6020,facebook,http://social.com?src=fb,2025-04-13 01:15:01,extra4
248,66048,4514,Apple,http://fb.com/ad,2025-04-13 01:15:01,extra2
249,59737,5300,aPpLe,http://google.com/track,2025-04-13 01:15:01,extra7
250,72598,2098,aPpLe,http://iosapps.com/?utm=apple,2025-04-13 01:15:01,extra7
251,79146,6020,google,http://baidu.cn/search?q=test,2025-04-13 01:15:01,extra4
252,70883,4709,Apple,http://fb.com/ad,2025-04-13 01:15:01,extra8
253,48947,3921,google,http://iosapps.com/?utm=apple,2025-04-13 01:15:01,extra8
254,68629,9985,Apple,http://iosapps.com/?utm=apple,2025-04-13 01:15:01,extra6
255,54100,6545,facebook,http://baidu.cn/search?q=test,2025-04-13 01:15:01,extra7
256,46113,9959,google,http://fb.com/ad,2025-04-13 01:15:01,extra3
257,74753,6898,Apple,http://iosapps.com/?utm=apple,2025-04-13 01:15:01,extra3
258,47170,6887,FaceBook,http://baidu.cn/search?q=test,2025-04-13 01:15:01,extra8
259,27549,8723,FaceBook,http://iosapps.com/?utm=apple,2025-04-13 01:15:01,extra8
260,17957,9779,google,http://social.com?src=fb,2025-04-13 01:15:01,extra3
261,85071,1486,facebook,http://baidu.cn/search?q=test,2025-04-13 01:15:01,extra8
262,82296,5645,aPpLe,http://apple.com/ad?campaign=123,2025-04-13 01:15:01,extra5
263,84837,1212,google,http://baidu.cn/search?q=test,2025-04-13 01:15:01,extra9
264,81141,3279,FaceBook,http://fb.com/ad,2025-04-13 01:15:01,extra1
265,30612,5765,Apple,http://fb.com/ad,2025-04-13 01:15:01,extra8
266,40885,5759,baidu,http://google.com/track,2025-04-13 01:15:01,extra1
267,61978,9687,Apple,http://fb.com/ad,2025-04-13 01:15:01,extra3
268,72657,5769,FaceBook,http://iosapps.com/?utm=apple,2025-04-13 01:15:01,extra6
269,78502,6080,aPpLe,http://apple.com/ad?campaign=123,2025-04-13 01:15:01,extra4
270,66791,6821,Apple,http://baidu.cn/search?q=test,2025-04-13 01:15:01,extra8
271,73024,8156,FaceBook,http://google.com/track,2025-04-13 01:15:01,extra7
272,42018,1760,google,http://iosapps.com/?utm=apple,2025-04-13 01:15:01,extra5
273,51822,4078,aPpLe,http://apple.com/ad?campaign=123,2025-04-13 01:15:01,extra4
274,10711,1445,aPpLe,http://iosapps.com/?utm=apple,2025-04-13 01:15:01,extra8
275,99080,7586,facebook,http://fb.com/ad,2025-04-13 01:15:01,extra7
276,71206,2990,aPpLe,http://social.com?src=fb,2025-04-13 01:15:01,extra1
277,43573,6358,Apple,http://social.com?src=fb,2025-04-13 01:15:01,extra6
278,29108,1118,FaceBook,http://social.com?src=fb,2025-04-13 01:15:01,extra7
279,79025,4455,google,http://iosapps.com/?utm=apple,2025-04-13 01:15:01,extra9
280,17273,5656,aPpLe,http://social.com?src=fb,2025-04-13 01:15:01,extra10
281,36304,1651,facebook,http://apple.com/ad?campaign=123,2025-04-13 01:15:01,extra2
282,21793,4783,FaceBook,http://fb.com/ad,2025-04-13 01:15:01,extra10
283,80598,3764,google,http://social.com?src=fb,2025-04-13 01:15:01,extra8
284,26855,1381,FaceBook,http://social.com?src=fb,2025-04-13 01:15:01,extra5
285,10052,5873,google,http://fb.com/ad,2025-04-13 01:15:01,extra10
286,10838,5918,google,http://fb.com/ad,2025-04-13 01:15:01,extra10
287,76653,5321,aPpLe,http://baidu.cn/search?q=test,2025-04-13 01:15:01,extra9
288,89992,2966,Apple,http://iosapps.com/?utm=apple,2025-04-13 01:15:01,extra3
289,54929,2126,Apple,http://fb.com/ad,2025-04-13 01:15:01,extra8
290,38267,4544,baidu,http://apple.com/ad?campaign=123,2025-04-13 01:15:01,extra3
291,43145,1130,FaceBook,http://iosapps.com/?utm=apple,2025-04-13 01:15:01,extra10
292,49914,9771,google,http://apple.com/ad?campaign=123,2025-04-13 01:15:01,extra4
293,16049,3665,aPpLe,http://apple.com/ad?campaign=123,2025-04-13 01:15:01,extra10
294,90943,5544,google,http://google.com/track,2025-04-13 01:15:01,extra9
295,73399,9070,baidu,http://social.com?src=fb,2025-04-13 01:15:01,extra7
296,51763,6070,FaceBook,http://google.com/track,2025-04-13 01:15:01,extra1
297,81154,8264,FaceBook,http://google.com/track,2025-04-13 01:15:01,extra2
298,92909,2820,google,http://google.com/track,2025-04-13 01:15:01,extra9
299,53887,8595,aPpLe,http://google.com/track,2025-04-13 01:15:01,extra2
300,34079,2778,aPpLe,http://iosapps.com/?utm=apple,2025-04-13 01:15:01,extra9
301,81586,5173,Apple,http://google.com/track,2025-04-13 01:15:01,extra3
302,88306,6322,baidu,http://iosapps.com/?utm=apple,2025-04-13 01:15:01,extra6
303,36776,6155,baidu,http://fb.com/ad,2025-04-13 01:15:01,extra7
304,14941,7846,baidu,http://social.com?src=fb,2025-04-13 01:15:01,extra3
305,19036,4370,aPpLe,http://iosapps.com/?utm=apple,2025-04-13 01:15:01,extra1
306,36693,7538,baidu,http://apple.com/ad?campaign=123,2025-04-13 01:15:01,extra3
307,80837,2301,facebook,http://iosapps.com/?utm=apple,2025-04-13 01:15:01,extra3
308,52316,1521,Apple,http://fb.com/ad,2025-04-13 01:15:01,extra3
309,60904,8277,Apple,http://iosapps.com/?utm=apple,2025-04-13 01:15:01,extra4
310,96147,5324,Apple,http://google.com/track,2025-04-13 01:15:01,extra2
311,70790,6691,FaceBook,http://social.com?src=fb,2025-04-13 01:15:01,extra3
312,25367,9272,FaceBook,http://iosapps.com/?utm=apple,2025-04-13 01:15:01,extra2
313,41265,8384,aPpLe,http://google.com/track,2025-04-13 01:15:01,extra10
314,82080,5167,aPpLe,http://iosapps.com/?utm=apple,2025-04-13 01:15:01,extra9
315,15677,4984,baidu,http://apple.com/ad?campaign=123,2025-04-13 01:15:01,extra3
316,71729,2977,facebook,http://iosapps.com/?utm=apple,2025-04-13 01:15:01,extra10
317,28497,2945,aPpLe,http://iosapps.com/?utm=apple,2025-04-13 01:15:01,extra4
318,46814,3901,Apple,http://social.com?src=fb,2025-04-13 01:15:01,extra10
319,65961,5655,aPpLe,http://fb.com/ad,2025-04-13 01:15:01,extra8
320,16325,4087,baidu,http://iosapps.com/?utm=apple,2025-04-13 01:15:01,extra6
321,89959,6350,google,http://iosapps.com/?utm=apple,2025-04-13 01:15:01,extra7
322,27572,6832,baidu,http://iosapps.com/?utm=apple,2025-04-13 01:15:01,extra3
323,16322,4558,FaceBook,http://google.com/track,2025-04-13 01:15:01,extra3
324,42966,2657,facebook,http://google.com/track,2025-04-13 01:15:01,extra7
325,12397,4133,Apple,http://google.com/track,2025-04-13 01:15:01,extra7
326,28303,1122,aPpLe,http://iosapps.com/?utm=apple,2025-04-13 01:15:01,extra3
327,25435,2628,facebook,http://iosapps.com/?utm=apple,2025-04-13 01:15:01,extra4
328,27190,6990,Apple,http://social.com?src=fb,2025-04-13 01:15:01,extra6
329,84044,3904,google,http://baidu.cn/search?q=test,2025-04-13 01:15:01,extra4
330,48199,4837,FaceBook,http://baidu.cn/search?q=test,2025-04-13 01:15:01,extra5
331,20545,2550,google,http://google.com/track,2025-04-13 01:15:01,extra5
332,52162,9690,google,http://fb.com/ad,2025-04-13 01:15:01,extra8
333,39398,1792,FaceBook,http://iosapps.com/?utm=apple,2025-04-13 01:15:01,extra7
334,17717,9068,baidu,http://social.com?src=fb,2025-04-13 01:15:01,extra3
335,47274,2886,google,http://iosapps.com/?utm=apple,2025-04-13 01:15:01,extra1
336,47982,3921,facebook,http://iosapps.com/?utm=apple,2025-04-13 01:15:01,extra8
337,73213,3423,aPpLe,http://apple.com/ad?campaign=123,2025-04-13 01:15:01,extra4
338,11096,4781,Apple,http://apple.com/ad?campaign=123,2025-04-13 01:15:01,extra4
339,30128,7588,Apple,http://google.com/track,2025-04-13 01:15:01,extra7
340,24446,3076,aPpLe,http://social.com?src=fb,2025-04-13 01:15:01,extra9
341,58173,9173,aPpLe,http://social.com?src=fb,2025-04-13 01:15:01,extra1
342,49284,7287,google,http://social.com?src=fb,2025-04-13 01:15:01,extra1
343,94498,7161,aPpLe,http://google.com/track,2025-04-13 01:15:01,extra4
344,86892,8040,baidu,http://google.com/track,2025-04-13 01:15:01,extra2
345,17832,1403,baidu,http://google.com/track,2025-04-13 01:15:01,extra1
346,93387,7204,facebook,http://baidu.cn/search?q=test,2025-04-13 01:15:01,extra8
347,14541,9972,baidu,http://baidu.cn/search?q=test,2025-04-13 01:15:01,extra3
348,26102,5278,facebook,http://google.com/track,2025-04-13 01:15:01,extra6
349,87855,9441,FaceBook,http://google.com/track,2025-04-13 01:15:01,extra8
350,82254,9128,FaceBook,http://social.com?src=fb,2025-04-13 01:15:01,extra1
351,33126,2517,FaceBook,http://fb.com/ad,2025-04-13 01:15:01,extra4
352,25350,6684,facebook,http://baidu.cn/search?q=test,2025-04-13 01:15:01,extra8
353,55890,4582,Apple,http://baidu.cn/search?q=test,2025-04-13 01:15:01,extra2
354,21434,5382,Apple,http://baidu.cn/search?q=test,2025-04-13 01:15:01,extra1
355,19765,3042,baidu,http://fb.com/ad,2025-04-13 01:15:01,extra7
356,61151,1841,baidu,http://apple.com/ad?campaign=123,2025-04-13 01:15:01,extra6
357,28265,6384,baidu,http://social.com?src=fb,2025-04-13 01:15:01,extra6
358,46641,3224,Apple,http://social.com?src=fb,2025-04-13 01:15:01,extra9
359,74799,3651,aPpLe,http://apple.com/ad?campaign=123,2025-04-13 01:15:01,extra8
360,21532,5784,aPpLe,http://iosapps.com/?utm=apple,2025-04-13 01:15:01,extra9
361,36408,3383,google,http://baidu.cn/search?q=test,2025-04-13 01:15:01,extra6
362,67669,1573,facebook,http://iosapps.com/?utm=apple,2025-04-13 01:15:01,extra1
363,68695,9398,FaceBook,http://iosapps.com/?utm=apple,2025-04-13 01:15:01,extra9
364,44856,4132,FaceBook,http://iosapps.com/?utm=apple,2025-04-13 01:15:01,extra9
365,36793,1057,FaceBook,http://social.com?src=fb,2025-04-13 01:15:01,extra9
366,95333,3606,Apple,http://fb.com/ad,2025-04-13 01:15:01,extra4
367,88343,7449,facebook,http://google.com/track,2025-04-13 01:15:01,extra6
368,83352,7560,baidu,http://fb.com/ad,2025-04-13 01:15:01,extra10
369,84124,1378,FaceBook,http://social.com?src=fb,2025-04-13 01:15:01,extra4
370,93922,6839,aPpLe,http://iosapps.com/?utm=apple,2025-04-13 01:15:01,extra6
371,97742,4581,facebook,http://social.com?src=fb,2025-04-13 01:15:01,extra9
372,25262,9995,Apple,http://fb.com/ad,2025-04-13 01:15:01,extra3
373,36876,7846,aPpLe,http://social.com?src=fb,2025-04-13 01:15:01,extra4
374,61396,1999,Apple,http://social.com?src=fb,2025-04-13 01:15:01,extra6
375,50984,3249,google,http://social.com?src=fb,2025-04-13 01:15:01,extra3
376,40113,2497,facebook,http://iosapps.com/?utm=apple,2025-04-13 01:15:01,extra6
377,47774,7777,aPpLe,http://iosapps.com/?utm=apple,2025-04-13 01:15:01,extra1
378,65870,3314,aPpLe,http://fb.com/ad,2025-04-13 01:15:01,extra7
379,67232,1709,google,http://social.com?src=fb,2025-04-13 01:15:01,extra4
380,19031,3003,google,http://social.com?src=fb,2025-04-13 01:15:01,extra6
381,83465,9065,facebook,http://social.com?src=fb,2025-04-13 01:15:01,extra2
382,65955,2395,FaceBook,http://social.com?src=fb,2025-04-13 01:15:01,extra7
383,43981,4772,google,http://google.com/track,2025-04-13 01:15:01,extra8
384,14980,4380,Apple,http://apple.com/ad?campaign=123,2025-04-13 01:15:01,extra5
385,78626,5167,facebook,http://google.com/track,2025-04-13 01:15:01,extra7
386,30380,5248,facebook,http://baidu.cn/search?q=test,2025-04-13 01:15:01,extra5
387,38011,5165,aPpLe,http://iosapps.com/?utm=apple,2025-04-13 01:15:01,extra8
388,15322,5022,baidu,http://iosapps.com/?utm=apple,2025-04-13 01:15:01,extra10
389,11379,7113,google,http://baidu.cn/search?q=test,2025-04-13 01:15:01,extra1
390,69193,7249,facebook,http://social.com?src=fb,2025-04-13 01:15:01,extra3
391,74412,8504,FaceBook,http://apple.com/ad?campaign=123,2025-04-13 01:15:01,extra5
392,83068,6110,baidu,http://iosapps.com/?utm=apple,2025-04-13 01:15:01,extra8
393,60331,3682,facebook,http://fb.com/ad,2025-04-13 01:15:01,extra8
394,81929,1909,Apple,http://iosapps.com/?utm=apple,2025-04-13 01:15:01,extra1
395,72137,3903,baidu,http://baidu.cn/search?q=test,2025-04-13 01:15:01,extra3
396,23924,3450,Apple,http://iosapps.com/?utm=apple,2025-04-13 01:15:01,extra10
397,46260,5638,aPpLe,http://google.com/track,2025-04-13 01:15:01,extra1
398,77332,9561,FaceBook,http://baidu.cn/search?q=test,2025-04-13 01:15:01,extra7
399,36339,3136,baidu,http://baidu.cn/search?q=test,2025-04-13 01:15:01,extra3
400,53835,1934,Apple,http://apple.com/ad?campaign=123,2025-04-13 01:15:01,extra1
401,16264,6816,FaceBook,http://social.com?src=fb,2025-04-13 01:15:01,extra2
402,75974,1024,FaceBook,http://fb.com/ad,2025-04-13 01:15:01,extra4
403,72282,5069,aPpLe,http://google.com/track,2025-04-13 01:15:01,extra7
404,87734,1383,baidu,http://baidu.cn/search?q=test,2025-04-13 01:15:01,extra4
405,61478,4472,FaceBook,http://baidu.cn/search?q=test,2025-04-13 01:15:01,extra1
406,58507,2765,Apple,http://iosapps.com/?utm=apple,2025-04-13 01:15:01,extra8
407,79725,8816,aPpLe,http://google.com/track,2025-04-13 01:15:01,extra2
408,58314,4459,google,http://baidu.cn/search?q=test,2025-04-13 01:15:01,extra1
409,17581,7944,Apple,http://iosapps.com/?utm=apple,2025-04-13 01:15:01,extra3
410,61625,9840,google,http://social.com?src=fb,2025-04-13 01:15:01,extra7
411,15870,6571,facebook,http://iosapps.com/?utm=apple,2025-04-13 01:15:01,extra5
412,50441,9143,FaceBook,http://social.com?src=fb,2025-04-13 01:15:01,extra5
413,30748,1218,aPpLe,http://baidu.cn/search?q=test,2025-04-13 01:15:01,extra4
414,70287,5028,google,http://fb.com/ad,2025-04-13 01:15:01,extra10
415,44979,5125,aPpLe,http://google.com/track,2025-04-13 01:15:01,extra1
416,56349,8471,FaceBook,http://iosapps.com/?utm=apple,2025-04-13 01:15:01,extra10
417,10592,9827,FaceBook,http://apple.com/ad?campaign=123,2025-04-13 01:15:01,extra2
418,45242,3273,FaceBook,http://baidu.cn/search?q=test,2025-04-13 01:15:01,extra5
419,89817,1137,FaceBook,http://apple.com/ad?campaign=123,2025-04-13 01:15:01,extra6
420,90287,4249,Apple,http://apple.com/ad?campaign=123,2025-04-13 01:15:01,extra4
421,95321,3202,aPpLe,http://google.com/track,2025-04-13 01:15:01,extra9
422,91931,2498,facebook,http://social.com?src=fb,2025-04-13 01:15:01,extra5
423,58760,6322,google,http://social.com?src=fb,2025-04-13 01:15:01,extra2
424,10842,1320,google,http://iosapps.com/?utm=apple,2025-04-13 01:15:01,extra8
425,99409,3150,google,http://fb.com/ad,2025-04-13 01:15:01,extra9
426,32450,3635,facebook,http://fb.com/ad,2025-04-13 01:15:01,extra10
427,11985,5059,facebook,http://apple.com/ad?campaign=123,2025-04-13 01:15:01,extra9
428,70520,4554,aPpLe,http://iosapps.com/?utm=apple,2025-04-13 01:15:01,extra3
429,15404,6900,baidu,http://apple.com/ad?campaign=123,2025-04-13 01:15:01,extra8
430,42336,5866,google,http://google.com/track,2025-04-13 01:15:01,extra4
431,43373,5763,aPpLe,http://google.com/track,2025-04-13 01:15:01,extra8
432,71916,2861,google,http://iosapps.com/?utm=apple,2025-04-13 01:15:01,extra10
433,24465,8152,baidu,http://iosapps.com/?utm=apple,2025-04-13 01:15:01,extra4
434,40838,3262,facebook,http://google.com/track,2025-04-13 01:15:01,extra10
435,51745,6348,Apple,http://iosapps.com/?utm=apple,2025-04-13 01:15:01,extra3
436,47490,9166,FaceBook,http://apple.com/ad?campaign=123,2025-04-13 01:15:01,extra7
437,41527,9673,baidu,http://apple.com/ad?campaign=123,2025-04-13 01:15:01,extra1
438,46702,3917,Apple,http://social.com?src=fb,2025-04-13 01:15:01,extra6
439,90055,9847,google,http://iosapps.com/?utm=apple,2025-04-13 01:15:01,extra4
440,28659,6359,FaceBook,http://google.com/track,2025-04-13 01:15:01,extra3
441,71046,6695,FaceBook,http://iosapps.com/?utm=apple,2025-04-13 01:15:01,extra7
442,58473,6979,aPpLe,http://google.com/track,2025-04-13 01:15:01,extra4
443,56309,8847,google,http://social.com?src=fb,2025-04-13 01:15:01,extra10
444,41883,8432,baidu,http://baidu.cn/search?q=test,2025-04-13 01:15:01,extra9
445,41145,1325,Apple,http://social.com?src=fb,2025-04-13 01:15:01,extra2
446,27597,5254,google,http://iosapps.com/?utm=apple,2025-04-13 01:15:01,extra4
447,82980,1756,Apple,http://iosapps.com/?utm=apple,2025-04-13 01:15:01,extra6
448,83447,5918,aPpLe,http://fb.com/ad,2025-04-13 01:15:01,extra3
449,11980,5115,Apple,http://baidu.cn/search?q=test,2025-04-13 01:15:01,extra1
450,17571,8969,Apple,http://baidu.cn/search?q=test,2025-04-13 01:15:01,extra3
451,84506,4260,Apple,http://fb.com/ad,2025-04-13 01:15:01,extra9
452,36123,7239,aPpLe,http://social.com?src=fb,2025-04-13 01:15:01,extra10
453,13920,9395,aPpLe,http://social.com?src=fb,2025-04-13 01:15:01,extra2
454,55787,8711,baidu,http://google.com/track,2025-04-13 01:15:01,extra1
455,99015,2431,google,http://iosapps.com/?utm=apple,2025-04-13 01:15:01,extra3
456,87092,4226,facebook,http://apple.com/ad?campaign=123,2025-04-13 01:15:01,extra6
457,23618,4003,Apple,http://iosapps.com/?utm=apple,2025-04-13 01:15:01,extra10
458,79283,1032,FaceBook,http://fb.com/ad,2025-04-13 01:15:01,extra2
459,55578,2108,facebook,http://iosapps.com/?utm=apple,2025-04-13 01:15:01,extra3
460,49252,9394,FaceBook,http://baidu.cn/search?q=test,2025-04-13 01:15:01,extra6
461,70574,7841,facebook,http://apple.com/ad?campaign=123,2025-04-13 01:15:01,extra2
462,79409,8419,google,http://apple.com/ad?campaign=123,2025-04-13 01:15:01,extra1
463,25916,6339,aPpLe,http://iosapps.com/?utm=apple,2025-04-13 01:15:01,extra6
464,68990,7948,FaceBook,http://fb.com/ad,2025-04-13 01:15:01,extra8
465,46709,7988,facebook,http://apple.com/ad?campaign=123,2025-04-13 01:15:01,extra6
466,63847,4571,FaceBook,http://fb.com/ad,2025-04-13 01:15:01,extra2
467,61114,3464,facebook,http://apple.com/ad?campaign=123,2025-04-13 01:15:01,extra10
468,49372,5365,google,http://google.com/track,2025-04-13 01:15:01,extra2
469,21466,4524,aPpLe,http://google.com/track,2025-04-13 01:15:01,extra2
470,62541,8935,baidu,http://apple.com/ad?campaign=123,2025-04-13 01:15:01,extra5
471,56208,9253,aPpLe,http://fb.com/ad,2025-04-13 01:15:01,extra7
472,81334,4849,FaceBook,http://baidu.cn/search?q=test,2025-04-13 01:15:01,extra8
473,81273,5532,aPpLe,http://iosapps.com/?utm=apple,2025-04-13 01:15:01,extra7
474,14443,5329,aPpLe,http://apple.com/ad?campaign=123,2025-04-13 01:15:01,extra8
475,70793,6078,facebook,http://google.com/track,2025-04-13 01:15:01,extra8
476,11705,8822,facebook,http://iosapps.com/?utm=apple,2025-04-13 01:15:01,extra5
477,82433,3799,baidu,http://iosapps.com/?utm=apple,2025-04-13 01:15:01,extra9
478,14321,7143,FaceBook,http://iosapps.com/?utm=apple,2025-04-13 01:15:01,extra6
479,11293,1659,baidu,http://google.com/track,2025-04-13 01:15:01,extra2
480,51731,2171,baidu,http://fb.com/ad,2025-04-13 01:15:01,extra10
481,60499,6803,Apple,http://google.com/track,2025-04-13 01:15:01,extra6
482,31991,6723,Apple,http://social.com?src=fb,2025-04-13 01:15:01,extra2
483,87038,9831,aPpLe,http://social.com?src=fb,2025-04-13 01:15:01,extra2
484,43069,8405,aPpLe,http://social.com?src=fb,2025-04-13 01:15:01,extra3
485,67168,5553,FaceBook,http://fb.com/ad,2025-04-13 01:15:01,extra5
486,74598,5281,google,http://fb.com/ad,2025-04-13 01:15:01,extra2
487,12360,7437,aPpLe,http://fb.com/ad,2025-04-13 01:15:01,extra7
488,92894,3491,aPpLe,http://baidu.cn/search?q=test,2025-04-13 01:15:01,extra5
489,41441,1341,facebook,http://baidu.cn/search?q=test,2025-04-13 01:15:01,extra10
490,21225,8690,facebook,http://iosapps.com/?utm=apple,2025-04-13 01:15:01,extra1
491,27161,4089,aPpLe,http://baidu.cn/search?q=test,2025-04-13 01:15:01,extra7
492,55846,6963,baidu,http://social.com?src=fb,2025-04-13 01:15:01,extra9
493,99086,7869,aPpLe,http://google.com/track,2025-04-13 01:15:01,extra10
494,29904,6520,Apple,http://baidu.cn/search?q=test,2025-04-13 01:15:01,extra10
495,18123,1635,aPpLe,http://social.com?src=fb,2025-04-13 01:15:01,extra10
496,95733,6919,aPpLe,http://iosapps.com/?utm=apple,2025-04-13 01:15:01,extra1
497,40800,9870,baidu,http://fb.com/ad,2025-04-13 01:15:01,extra10
498,61728,6039,Apple,http://iosapps.com/?utm=apple,2025-04-13 01:15:01,extra5
499,50380,4668,facebook,http://apple.com/ad?campaign=123,2025-04-13 01:15:01,extra3
500,88255,6913,FaceBook,http://google.com/track,2025-04-13 01:15:01,extra9
501,90866,4632,facebook,http://google.com/track,2025-04-13 01:15:01,extra3
502,67221,7710,Apple,http://iosapps.com/?utm=apple,2025-04-13 01:15:01,extra5
503,60863,4620,FaceBook,http://apple.com/ad?campaign=123,2025-04-13 01:15:01,extra9
504,31200,7810,google,http://social.com?src=fb,2025-04-13 01:15:01,extra8
505,55997,6267,google,http://fb.com/ad,2025-04-13 01:15:01,extra8
506,13782,9921,FaceBook,http://fb.com/ad,2025-04-13 01:15:01,extra5
507,97079,7826,aPpLe,http://social.com?src=fb,2025-04-13 01:15:01,extra8
508,80702,1992,google,http://fb.com/ad,2025-04-13 01:15:01,extra8
509,29877,9164,FaceBook,http://iosapps.com/?utm=apple,2025-04-13 01:15:01,extra6
510,37881,9001,baidu,http://social.com?src=fb,2025-04-13 01:15:01,extra5
511,64892,1810,Apple,http://apple.com/ad?campaign=123,2025-04-13 01:15:01,extra8
512,13857,5135,aPpLe,http://iosapps.com/?utm=apple,2025-04-13 01:15:01,extra9
513,60050,8746,FaceBook,http://social.com?src=fb,2025-04-13 01:15:01,extra9
514,35129,2059,facebook,http://iosapps.com/?utm=apple,2025-04-13 01:15:01,extra10
515,58878,7526,FaceBook,http://iosapps.com/?utm=apple,2025-04-13 01:15:01,extra4
516,31331,8717,facebook,http://fb.com/ad,2025-04-13 01:15:01,extra7
517,64655,4535,aPpLe,http://google.com/track,2025-04-13 01:15:01,extra10
518,60466,4628,Apple,http://apple.com/ad?campaign=123,2025-04-13 01:15:01,extra4
519,76243,3921,aPpLe,http://iosapps.com/?utm=apple,2025-04-13 01:15:01,extra7
520,74849,5174,FaceBook,http://fb.com/ad,2025-04-13 01:15:01,extra1
521,19349,6055,baidu,http://fb.com/ad,2025-04-13 01:15:01,extra9
522,54466,9731,aPpLe,http://iosapps.com/?utm=apple,2025-04-13 01:15:01,extra6
523,17524,3119,FaceBook,http://iosapps.com/?utm=apple,2025-04-13 01:15:01,extra10
524,76851,3499,google,http://google.com/track,2025-04-13 01:15:01,extra1
525,37038,1868,facebook,http://google.com/track,2025-04-13 01:15:01,extra4
526,41775,1281,google,http://social.com?src=fb,2025-04-13 01:15:01,extra2
527,13818,4926,google,http://iosapps.com/?utm=apple,2025-04-13 01:15:01,extra3
528,58946,1245,facebook,http://fb.com/ad,2025-04-13 01:15:01,extra10
529,15573,7440,aPpLe,http://apple.com/ad?campaign=123,2025-04-13 01:15:01,extra2
530,43714,1402,Apple,http://fb.com/ad,2025-04-13 01:15:01,extra4
531,49443,5880,FaceBook,http://google.com/track,2025-04-13 01:15:01,extra6
532,43907,7171,facebook,http://social.com?src=fb,2025-04-13 01:15:01,extra3
533,76637,3237,aPpLe,http://google.com/track,2025-04-13 01:15:01,extra5
534,37956,4062,Apple,http://iosapps.com/?utm=apple,2025-04-13 01:15:01,extra5
535,78386,5106,aPpLe,http://baidu.cn/search?q=test,2025-04-13 01:15:01,extra6
536,98701,2324,google,http://iosapps.com/?utm=apple,2025-04-13 01:15:01,extra6
537,38468,6942,aPpLe,http://fb.com/ad,2025-04-13 01:15:01,extra8
538,32786,4097,Apple,http://baidu.cn/search?q=test,2025-04-13 01:15:01,extra6
539,74011,9957,google,http://google.com/track,2025-04-13 01:15:01,extra10
540,45021,2222,aPpLe,http://google.com/track,2025-04-13 01:15:01,extra5
541,20621,2674,FaceBook,http://baidu.cn/search?q=test,2025-04-13 01:15:01,extra8
542,33778,6198,aPpLe,http://fb.com/ad,2025-04-13 01:15:01,extra8
543,41365,7650,facebook,http://fb.com/ad,2025-04-13 01:15:01,extra9
544,86999,1178,FaceBook,http://baidu.cn/search?q=test,2025-04-13 01:15:01,extra6
545,39889,8525,facebook,http://apple.com/ad?campaign=123,2025-04-13 01:15:01,extra2
546,56793,1957,google,http://iosapps.com/?utm=apple,2025-04-13 01:15:01,extra4
547,36144,9218,google,http://fb.com/ad,2025-04-13 01:15:01,extra4
548,29447,4478,baidu,http://fb.com/ad,2025-04-13 01:15:01,extra1
549,88435,2689,google,http://social.com?src=fb,2025-04-13 01:15:01,extra9
550,90283,6400,Apple,http://fb.com/ad,2025-04-13 01:15:01,extra6
551,22689,5436,google,http://social.com?src=fb,2025-04-13 01:15:01,extra2
552,21822,9084,aPpLe,http://fb.com/ad,2025-04-13 01:15:01,extra3
553,32304,9966,FaceBook,http://fb.com/ad,2025-04-13 01:15:01,extra6
554,54904,8664,baidu,http://iosapps.com/?utm=apple,2025-04-13 01:15:01,extra4
555,91284,2165,facebook,http://social.com?src=fb,2025-04-13 01:15:01,extra4
556,82711,2808,google,http://social.com?src=fb,2025-04-13 01:15:01,extra1
557,33016,1896,aPpLe,http://iosapps.com/?utm=apple,2025-04-13 01:15:01,extra4
558,23804,6686,Apple,http://fb.com/ad,2025-04-13 01:15:01,extra6
559,42705,3875,google,http://fb.com/ad,2025-04-13 01:15:01,extra5
560,18842,1967,aPpLe,http://apple.com/ad?campaign=123,2025-04-13 01:15:01,extra6
561,78745,9555,Apple,http://baidu.cn/search?q=test,2025-04-13 01:15:01,extra2
562,60122,8519,Apple,http://social.com?src=fb,2025-04-13 01:15:01,extra4
563,81441,1568,aPpLe,http://apple.com/ad?campaign=123,2025-04-13 01:15:01,extra2
564,19302,1809,baidu,http://baidu.cn/search?q=test,2025-04-13 01:15:01,extra2
565,45118,6435,google,http://apple.com/ad?campaign=123,2025-04-13 01:15:01,extra4
566,43583,6846,Apple,http://apple.com/ad?campaign=123,2025-04-13 01:15:01,extra2
567,36775,1517,FaceBook,http://fb.com/ad,2025-04-13 01:15:01,extra9
568,19287,4715,aPpLe,http://google.com/track,2025-04-13 01:15:01,extra5
569,92388,9334,FaceBook,http://fb.com/ad,2025-04-13 01:15:01,extra2
570,93404,5409,google,http://social.com?src=fb,2025-04-13 01:15:01,extra4
571,76936,7299,baidu,http://social.com?src=fb,2025-04-13 01:15:01,extra8
572,11354,2785,Apple,http://apple.com/ad?campaign=123,2025-04-13 01:15:01,extra9
573,27062,1844,facebook,http://google.com/track,2025-04-13 01:15:01,extra1
574,19394,1153,aPpLe,http://fb.com/ad,2025-04-13 01:15:01,extra5
575,33597,9837,FaceBook,http://google.com/track,2025-04-13 01:15:01,extra10
576,57517,5613,FaceBook,http://baidu.cn/search?q=test,2025-04-13 01:15:01,extra2
577,48756,2121,facebook,http://fb.com/ad,2025-04-13 01:15:01,extra3
578,75433,9789,google,http://google.com/track,2025-04-13 01:15:01,extra6
579,47342,5143,aPpLe,http://baidu.cn/search?q=test,2025-04-13 01:15:01,extra7
580,61518,4859,FaceBook,http://iosapps.com/?utm=apple,2025-04-13 01:15:01,extra3
581,91142,4810,facebook,http://fb.com/ad,2025-04-13 01:15:01,extra3
582,48692,5469,Apple,http://apple.com/ad?campaign=123,2025-04-13 01:15:01,extra3
583,38660,8487,FaceBook,http://baidu.cn/search?q=test,2025-04-13 01:15:01,extra6
584,22900,4950,Apple,http://apple.com/ad?campaign=123,2025-04-13 01:15:01,extra8
585,80493,1845,FaceBook,http://apple.com/ad?campaign=123,2025-04-13 01:15:01,extra2
586,49963,1754,Apple,http://social.com?src=fb,2025-04-13 01:15:01,extra8
587,58316,4295,facebook,http://iosapps.com/?utm=apple,2025-04-13 01:15:01,extra3
588,37780,3816,google,http://google.com/track,2025-04-13 01:15:01,extra5
589,95397,9779,FaceBook,http://apple.com/ad?campaign=123,2025-04-13 01:15:01,extra6
590,12353,7309,aPpLe,http://social.com?src=fb,2025-04-13 01:15:01,extra8
591,77170,1933,Apple,http://iosapps.com/?utm=apple,2025-04-13 01:15:01,extra10
592,19937,4837,baidu,http://social.com?src=fb,2025-04-13 01:15:01,extra9
593,10556,7238,google,http://social.com?src=fb,2025-04-13 01:15:01,extra4
594,52294,7569,Apple,http://iosapps.com/?utm=apple,2025-04-13 01:15:01,extra10
595,90316,5569,Apple,http://apple.com/ad?campaign=123,2025-04-13 01:15:01,extra4
596,46208,2955,aPpLe,http://google.com/track,2025-04-13 01:15:01,extra8
597,81032,5050,Apple,http://social.com?src=fb,2025-04-13 01:15:01,extra4
598,67969,5075,FaceBook,http://apple.com/ad?campaign=123,2025-04-13 01:15:01,extra10
599,31455,3627,facebook,http://iosapps.com/?utm=apple,2025-04-13 01:15:01,extra1
600,60493,2421,google,http://google.com/track,2025-04-13 01:15:01,extra1
601,54105,3584,google,http://iosapps.com/?utm=apple,2025-04-13 01:15:01,extra9
602,57577,5508,Apple,http://iosapps.com/?utm=apple,2025-04-13 01:15:01,extra8
603,72123,4182,FaceBook,http://google.com/track,2025-04-13 01:15:01,extra3
604,75971,1127,aPpLe,http://baidu.cn/search?q=test,2025-04-13 01:15:01,extra7
605,30632,1754,google,http://iosapps.com/?utm=apple,2025-04-13 01:15:01,extra1
606,62124,8188,Apple,http://iosapps.com/?utm=apple,2025-04-13 01:15:01,extra6
607,29385,8251,FaceBook,http://baidu.cn/search?q=test,2025-04-13 01:15:01,extra6
608,86874,3325,Apple,http://iosapps.com/?utm=apple,2025-04-13 01:15:01,extra7
609,25419,7501,google,http://baidu.cn/search?q=test,2025-04-13 01:15:01,extra2
610,58712,2204,aPpLe,http://google.com/track,2025-04-13 01:15:01,extra5
611,49323,6278,baidu,http://google.com/track,2025-04-13 01:15:01,extra9
612,71085,1844,google,http://social.com?src=fb,2025-04-13 01:15:01,extra10
613,64239,1497,google,http://apple.com/ad?campaign=123,2025-04-13 01:15:01,extra7
614,16634,9916,FaceBook,http://apple.com/ad?campaign=123,2025-04-13 01:15:01,extra6
615,91681,2234,facebook,http://social.com?src=fb,2025-04-13 01:15:01,extra5
616,22885,6484,aPpLe,http://apple.com/ad?campaign=123,2025-04-13 01:15:01,extra10
617,35263,5353,Apple,http://apple.com/ad?campaign=123,2025-04-13 01:15:01,extra6
618,59674,7102,aPpLe,http://fb.com/ad,2025-04-13 01:15:01,extra7
619,29599,1521,aPpLe,http://google.com/track,2025-04-13 01:15:01,extra7
620,79860,2189,google,http://baidu.cn/search?q=test,2025-04-13 01:15:01,extra4
621,70817,3467,facebook,http://google.com/track,2025-04-13 01:15:01,extra2
622,55286,3774,Apple,http://apple.com/ad?campaign=123,2025-04-13 01:15:01,extra5
623,97032,8210,FaceBook,http://fb.com/ad,2025-04-13 01:15:01,extra10
624,17143,8992,Apple,http://apple.com/ad?campaign=123,2025-04-13 01:15:01,extra3
625,45272,7720,Apple,http://baidu.cn/search?q=test,2025-04-13 01:15:01,extra9
626,33370,4329,aPpLe,http://apple.com/ad?campaign=123,2025-04-13 01:15:01,extra3
627,24370,4038,FaceBook,http://apple.com/ad?campaign=123,2025-04-13 01:15:01,extra5
628,33353,3558,Apple,http://fb.com/ad,2025-04-13 01:15:01,extra6
629,49167,6928,aPpLe,http://iosapps.com/?utm=apple,2025-04-13 01:15:01,extra2
630,69687,4124,FaceBook,http://social.com?src=fb,2025-04-13 01:15:01,extra6
631,36887,6312,aPpLe,http://fb.com/ad,2025-04-13 01:15:01,extra8
632,33086,2403,baidu,http://baidu.cn/search?q=test,2025-04-13 01:15:01,extra5
633,78480,2446,facebook,http://apple.com/ad?campaign=123,2025-04-13 01:15:01,extra4
634,53565,3023,google,http://apple.com/ad?campaign=123,2025-04-13 01:15:01,extra6
635,42786,4898,Apple,http://fb.com/ad,2025-04-13 01:15:01,extra4
636,61326,5198,google,http://social.com?src=fb,2025-04-13 01:15:01,extra2
637,47277,7932,google,http://social.com?src=fb,2025-04-13 01:15:01,extra7
638,49342,7521,google,http://baidu.cn/search?q=test,2025-04-13 01:15:01,extra10
639,88348,1369,facebook,http://apple.com/ad?campaign=123,2025-04-13 01:15:01,extra8
640,98110,3977,facebook,http://baidu.cn/search?q=test,2025-04-13 01:15:01,extra10
641,13745,4288,google,http://iosapps.com/?utm=apple,2025-04-13 01:15:01,extra4
642,29617,3484,Apple,http://apple.com/ad?campaign=123,2025-04-13 01:15:01,extra10
643,20413,4787,google,http://fb.com/ad,2025-04-13 01:15:01,extra7
644,64441,2908,baidu,http://baidu.cn/search?q=test,2025-04-13 01:15:01,extra4
645,40952,2858,FaceBook,http://social.com?src=fb,2025-04-13 01:15:01,extra7
646,88736,7426,google,http://social.com?src=fb,2025-04-13 01:15:01,extra2
647,22844,6519,FaceBook,http://social.com?src=fb,2025-04-13 01:15:01,extra6
648,39682,4072,facebook,http://social.com?src=fb,2025-04-13 01:15:01,extra1
649,30974,9547,aPpLe,http://google.com/track,2025-04-13 01:15:01,extra4
650,21435,6501,google,http://fb.com/ad,2025-04-13 01:15:01,extra3
651,63869,4058,facebook,http://social.com?src=fb,2025-04-13 01:15:01,extra3
652,73095,6410,aPpLe,http://fb.com/ad,2025-04-13 01:15:01,extra4
653,53229,9072,google,http://baidu.cn/search?q=test,2025-04-13 01:15:01,extra9
654,31595,1318,FaceBook,http://google.com/track,2025-04-13 01:15:01,extra7
655,15788,4924,Apple,http://apple.com/ad?campaign=123,2025-04-13 01:15:01,extra7
656,64160,5892,aPpLe,http://apple.com/ad?campaign=123,2025-04-13 01:15:01,extra10
657,12157,9420,FaceBook,http://baidu.cn/search?q=test,2025-04-13 01:15:01,extra9
658,67880,3775,aPpLe,http://fb.com/ad,2025-04-13 01:15:01,extra1
659,46049,1860,google,http://iosapps.com/?utm=apple,2025-04-13 01:15:01,extra8
660,99563,3243,FaceBook,http://apple.com/ad?campaign=123,2025-04-13 01:15:01,extra8
661,28205,2904,FaceBook,http://social.com?src=fb,2025-04-13 01:15:01,extra7
662,21711,10000,FaceBook,http://google.com/track,2025-04-13 01:15:01,extra7
663,38396,2933,aPpLe,http://apple.com/ad?campaign=123,2025-04-13 01:15:01,extra2
664,75968,1015,facebook,http://social.com?src=fb,2025-04-13 01:15:01,extra1
665,30380,9013,facebook,http://baidu.cn/search?q=test,2025-04-13 01:15:01,extra4
666,21494,3087,google,http://google.com/track,2025-04-13 01:15:01,extra9
667,99288,4768,Apple,http://social.com?src=fb,2025-04-13 01:15:01,extra8
668,45762,6045,google,http://google.com/track,2025-04-13 01:15:01,extra4
669,13922,6421,aPpLe,http://baidu.cn/search?q=test,2025-04-13 01:15:01,extra3
670,42831,6949,google,http://iosapps.com/?utm=apple,2025-04-13 01:15:01,extra7
671,86065,3523,baidu,http://baidu.cn/search?q=test,2025-04-13 01:15:01,extra2
672,98711,4824,aPpLe,http://iosapps.com/?utm=apple,2025-04-13 01:15:01,extra2
673,33456,1810,FaceBook,http://iosapps.com/?utm=apple,2025-04-13 01:15:01,extra3
674,82808,5293,FaceBook,http://social.com?src=fb,2025-04-13 01:15:01,extra3
675,67175,3881,google,http://baidu.cn/search?q=test,2025-04-13 01:15:01,extra4
676,96271,4431,FaceBook,http://google.com/track,2025-04-13 01:15:01,extra10
677,37281,1207,facebook,http://google.com/track,2025-04-13 01:15:01,extra2
678,68249,5098,facebook,http://apple.com/ad?campaign=123,2025-04-13 01:15:01,extra3
679,35769,4639,FaceBook,http://google.com/track,2025-04-13 01:15:01,extra4
680,24082,4280,Apple,http://fb.com/ad,2025-04-13 01:15:01,extra7
681,39063,7358,aPpLe,http://apple.com/ad?campaign=123,2025-04-13 01:15:01,extra4
682,26699,7488,FaceBook,http://baidu.cn/search?q=test,2025-04-13 01:15:01,extra7
683,59688,4633,baidu,http://social.com?src=fb,2025-04-13 01:15:01,extra1
684,26441,9355,Apple,http://iosapps.com/?utm=apple,2025-04-13 01:15:01,extra6
685,49954,4101,facebook,http://apple.com/ad?campaign=123,2025-04-13 01:15:01,extra3
686,80009,9524,aPpLe,http://google.com/track,2025-04-13 01:15:01,extra5
687,81141,6732,facebook,http://social.com?src=fb,2025-04-13 01:15:01,extra8
688,72459,1970,FaceBook,http://google.com/track,2025-04-13 01:15:01,extra10
689,68981,6470,Apple,http://google.com/track,2025-04-13 01:15:01,extra6
690,84037,7694,FaceBook,http://fb.com/ad,2025-04-13 01:15:01,extra10
691,96516,1175,aPpLe,http://baidu.cn/search?q=test,2025-04-13 01:15:01,extra10
692,67387,6067,baidu,http://apple.com/ad?campaign=123,2025-04-13 01:15:01,extra8
693,51021,6369,facebook,http://social.com?src=fb,2025-04-13 01:15:01,extra9
694,65604,4752,aPpLe,http://fb.com/ad,2025-04-13 01:15:01,extra1
695,71426,5126,facebook,http://google.com/track,2025-04-13 01:15:01,extra3
696,36222,5152,google,http://fb.com/ad,2025-04-13 01:15:01,extra4
697,36271,9091,facebook,http://iosapps.com/?utm=apple,2025-04-13 01:15:01,extra10
698,66558,7027,FaceBook,http://google.com/track,2025-04-13 01:15:01,extra5
699,44343,5328,baidu,http://google.com/track,2025-04-13 01:15:01,extra3
700,30315,9952,facebook,http://fb.com/ad,2025-04-13 01:15:01,extra5
701,96724,5376,Apple,http://baidu.cn/search?q=test,2025-04-13 01:15:01,extra2
702,57057,5469,Apple,http://apple.com/ad?campaign=123,2025-04-13 01:15:01,extra7
703,86263,9546,google,http://baidu.cn/search?q=test,2025-04-13 01:15:01,extra4
704,95659,7586,baidu,http://social.com?src=fb,2025-04-13 01:15:01,extra4
705,13883,7297,Apple,http://apple.com/ad?campaign=123,2025-04-13 01:15:01,extra5
706,95820,3535,FaceBook,http://iosapps.com/?utm=apple,2025-04-13 01:15:01,extra9
707,27982,8072,facebook,http://apple.com/ad?campaign=123,2025-04-13 01:15:01,extra1
708,97698,1810,Apple,http://fb.com/ad,2025-04-13 01:15:01,extra4
709,88526,2809,aPpLe,http://baidu.cn/search?q=test,2025-04-13 01:15:01,extra6
710,96348,4290,facebook,http://iosapps.com/?utm=apple,2025-04-13 01:15:01,extra4
711,80115,1664,Apple,http://fb.com/ad,2025-04-13 01:15:01,extra1
712,26005,2253,FaceBook,http://baidu.cn/search?q=test,2025-04-13 01:15:01,extra6
713,24966,3023,FaceBook,http://fb.com/ad,2025-04-13 01:15:01,extra9
714,55153,8556,aPpLe,http://iosapps.com/?utm=apple,2025-04-13 01:15:01,extra8
715,39689,2680,baidu,http://iosapps.com/?utm=apple,2025-04-13 01:15:01,extra8
716,93013,1285,FaceBook,http://social.com?src=fb,2025-04-13 01:15:01,extra10
717,23651,1861,aPpLe,http://iosapps.com/?utm=apple,2025-04-13 01:15:01,extra7
718,91137,7265,aPpLe,http://fb.com/ad,2025-04-13 01:15:01,extra9
719,18846,3747,FaceBook,http://baidu.cn/search?q=test,2025-04-13 01:15:01,extra6
720,78461,4844,aPpLe,http://baidu.cn/search?q=test,2025-04-13 01:15:01,extra8
721,89442,6759,Apple,http://social.com?src=fb,2025-04-13 01:15:01,extra7
722,66445,7489,facebook,http://baidu.cn/search?q=test,2025-04-13 01:15:01,extra3
723,29818,2752,google,http://google.com/track,2025-04-13 01:15:01,extra7
724,50978,1642,aPpLe,http://baidu.cn/search?q=test,2025-04-13 01:15:01,extra10
725,21805,5243,baidu,http://google.com/track,2025-04-13 01:15:01,extra7
726,32747,2212,baidu,http://google.com/track,2025-04-13 01:15:01,extra1
727,78634,1985,google,http://iosapps.com/?utm=apple,2025-04-13 01:15:01,extra4
728,25035,9875,facebook,http://social.com?src=fb,2025-04-13 01:15:01,extra9
729,41595,9866,facebook,http://google.com/track,2025-04-13 01:15:01,extra6
730,99717,8040,Apple,http://iosapps.com/?utm=apple,2025-04-13 01:15:01,extra5
731,19302,2719,facebook,http://fb.com/ad,2025-04-13 01:15:01,extra8
732,86162,8552,google,http://baidu.cn/search?q=test,2025-04-13 01:15:01,extra3
733,60907,1268,facebook,http://google.com/track,2025-04-13 01:15:01,extra3
734,82067,1323,google,http://iosapps.com/?utm=apple,2025-04-13 01:15:01,extra6
735,20337,3400,aPpLe,http://google.com/track,2025-04-13 01:15:01,extra7
736,99094,5380,google,http://baidu.cn/search?q=test,2025-04-13 01:15:01,extra9
737,57306,8047,facebook,http://fb.com/ad,2025-04-13 01:15:01,extra1
738,99841,5485,Apple,http://social.com?src=fb,2025-04-13 01:15:01,extra2
739,79670,7480,FaceBook,http://baidu.cn/search?q=test,2025-04-13 01:15:01,extra7
740,31041,4401,baidu,http://fb.com/ad,2025-04-13 01:15:01,extra5
741,58688,3501,google,http://google.com/track,2025-04-13 01:15:01,extra10
742,74237,2014,aPpLe,http://google.com/track,2025-04-13 01:15:01,extra7
743,89817,5976,facebook,http://google.com/track,2025-04-13 01:15:01,extra4
744,65013,5275,facebook,http://fb.com/ad,2025-04-13 01:15:01,extra8
745,61945,3900,google,http://baidu.cn/search?q=test,2025-04-13 01:15:01,extra2
746,24659,3707,facebook,http://baidu.cn/search?q=test,2025-04-13 01:15:01,extra3
747,41767,9493,aPpLe,http://baidu.cn/search?q=test,2025-04-13 01:15:01,extra5
748,67200,1644,aPpLe,http://fb.com/ad,2025-04-13 01:15:01,extra8
749,42354,6795,baidu,http://fb.com/ad,2025-04-13 01:15:01,extra8
750,25755,2916,baidu,http://fb.com/ad,2025-04-13 01:15:01,extra2
751,79588,1416,FaceBook,http://apple.com/ad?campaign=123,2025-04-13 01:15:01,extra2
752,40638,2118,aPpLe,http://fb.com/ad,2025-04-13 01:15:01,extra7
753,76663,4403,baidu,http://apple.com/ad?campaign=123,2025-04-13 01:15:01,extra6
754,78131,3928,google,http://fb.com/ad,2025-04-13 01:15:01,extra3
755,77598,9155,google,http://apple.com/ad?campaign=123,2025-04-13 01:15:01,extra6
756,10296,9041,baidu,http://fb.com/ad,2025-04-13 01:15:01,extra6
757,88598,4857,baidu,http://fb.com/ad,2025-04-13 01:15:01,extra1
758,41194,8801,FaceBook,http://apple.com/ad?campaign=123,2025-04-13 01:15:01,extra7
759,64037,5018,aPpLe,http://apple.com/ad?campaign=123,2025-04-13 01:15:01,extra5
760,45457,6018,FaceBook,http://social.com?src=fb,2025-04-13 01:15:01,extra4
761,47772,5634,google,http://google.com/track,2025-04-13 01:15:01,extra2
762,80152,7513,FaceBook,http://apple.com/ad?campaign=123,2025-04-13 01:15:01,extra3
763,95700,5945,FaceBook,http://google.com/track,2025-04-13 01:15:01,extra10
764,30701,9669,aPpLe,http://iosapps.com/?utm=apple,2025-04-13 01:15:01,extra4
765,53922,2484,Apple,http://baidu.cn/search?q=test,2025-04-13 01:15:01,extra2
766,18719,7058,baidu,http://google.com/track,2025-04-13 01:15:01,extra1
767,34499,4439,facebook,http://google.com/track,2025-04-13 01:15:01,extra1
768,78018,4674,facebook,http://fb.com/ad,2025-04-13 01:15:01,extra6
769,41283,8928,baidu,http://iosapps.com/?utm=apple,2025-04-13 01:15:01,extra8
770,51430,3952,Apple,http://baidu.cn/search?q=test,2025-04-13 01:15:01,extra10
771,18566,4344,Apple,http://baidu.cn/search?q=test,2025-04-13 01:15:01,extra7
772,78177,5530,google,http://fb.com/ad,2025-04-13 01:15:01,extra7
773,14207,4270,FaceBook,http://google.com/track,2025-04-13 01:15:01,extra6
774,43680,8167,Apple,http://google.com/track,2025-04-13 01:15:01,extra8
775,14234,6393,Apple,http://fb.com/ad,2025-04-13 01:15:01,extra9
776,46038,4304,google,http://social.com?src=fb,2025-04-13 01:15:01,extra10
777,14777,8869,facebook,http://social.com?src=fb,2025-04-13 01:15:01,extra3
778,58857,9144,aPpLe,http://apple.com/ad?campaign=123,2025-04-13 01:15:01,extra9
779,14758,6573,google,http://iosapps.com/?utm=apple,2025-04-13 01:15:01,extra9
780,97452,2868,baidu,http://apple.com/ad?campaign=123,2025-04-13 01:15:01,extra4
781,25629,7980,Apple,http://apple.com/ad?campaign=123,2025-04-13 01:15:01,extra3
782,97472,7740,baidu,http://baidu.cn/search?q=test,2025-04-13 01:15:01,extra7
783,33125,4120,Apple,http://google.com/track,2025-04-13 01:15:01,extra1
784,53289,7536,aPpLe,http://baidu.cn/search?q=test,2025-04-13 01:15:01,extra6
785,55563,1791,google,http://iosapps.com/?utm=apple,2025-04-13 01:15:01,extra1
786,48944,1253,aPpLe,http://fb.com/ad,2025-04-13 01:15:01,extra7
787,64020,2567,Apple,http://baidu.cn/search?q=test,2025-04-13 01:15:01,extra4
788,23311,3143,baidu,http://iosapps.com/?utm=apple,2025-04-13 01:15:01,extra4
789,96854,6925,baidu,http://fb.com/ad,2025-04-13 01:15:01,extra4
790,56920,3676,Apple,http://fb.com/ad,2025-04-13 01:15:01,extra7
791,55495,6428,baidu,http://google.com/track,2025-04-13 01:15:01,extra2
792,62585,2906,baidu,http://google.com/track,2025-04-13 01:15:01,extra10
793,89614,4147,baidu,http://apple.com/ad?campaign=123,2025-04-13 01:15:01,extra8
794,75261,9869,facebook,http://social.com?src=fb,2025-04-13 01:15:01,extra1
795,28749,4666,FaceBook,http://baidu.cn/search?q=test,2025-04-13 01:15:01,extra1
796,43648,5995,google,http://iosapps.com/?utm=apple,2025-04-13 01:15:01,extra8
797,65034,2241,baidu,http://baidu.cn/search?q=test,2025-04-13 01:15:01,extra9
798,48360,8977,aPpLe,http://fb.com/ad,2025-04-13 01:15:01,extra7
799,53844,2799,google,http://social.com?src=fb,2025-04-13 01:15:01,extra5
800,93914,3258,google,http://fb.com/ad,2025-04-13 01:15:01,extra3
801,17049,4907,google,http://google.com/track,2025-04-13 01:15:01,extra8
802,35805,8412,google,http://iosapps.com/?utm=apple,2025-04-13 01:15:01,extra2
803,91658,7060,FaceBook,http://iosapps.com/?utm=apple,2025-04-13 01:15:01,extra10
804,96766,4114,baidu,http://social.com?src=fb,2025-04-13 01:15:01,extra5
805,56198,9865,Apple,http://iosapps.com/?utm=apple,2025-04-13 01:15:01,extra4
806,62366,9980,google,http://fb.com/ad,2025-04-13 01:15:01,extra9
807,60841,9276,facebook,http://apple.com/ad?campaign=123,2025-04-13 01:15:01,extra4
808,70725,9477,google,http://iosapps.com/?utm=apple,2025-04-13 01:15:01,extra2
809,52723,7119,aPpLe,http://apple.com/ad?campaign=123,2025-04-13 01:15:01,extra2
810,89417,4794,FaceBook,http://iosapps.com/?utm=apple,2025-04-13 01:15:01,extra4
811,27431,9861,Apple,http://social.com?src=fb,2025-04-13 01:15:01,extra7
812,89539,7650,aPpLe,http://baidu.cn/search?q=test,2025-04-13 01:15:01,extra7
813,34390,7002,Apple,http://fb.com/ad,2025-04-13 01:15:01,extra6
814,59488,7634,aPpLe,http://google.com/track,2025-04-13 01:15:01,extra10
815,59209,3862,FaceBook,http://social.com?src=fb,2025-04-13 01:15:01,extra9
816,39363,3154,google,http://fb.com/ad,2025-04-13 01:15:01,extra3
817,50593,2327,google,http://social.com?src=fb,2025-04-13 01:15:01,extra9
818,38857,1226,google,http://fb.com/ad,2025-04-13 01:15:01,extra2
819,84842,5321,google,http://apple.com/ad?campaign=123,2025-04-13 01:15:01,extra9
820,22251,5337,google,http://apple.com/ad?campaign=123,2025-04-13 01:15:01,extra9
821,18462,2485,google,http://baidu.cn/search?q=test,2025-04-13 01:15:01,extra1
822,76079,9797,Apple,http://google.com/track,2025-04-13 01:15:01,extra10
823,16585,5368,FaceBook,http://iosapps.com/?utm=apple,2025-04-13 01:15:01,extra5
824,23175,7865,google,http://iosapps.com/?utm=apple,2025-04-13 01:15:01,extra3
825,64900,7786,google,http://google.com/track,2025-04-13 01:15:01,extra8
826,45850,6023,FaceBook,http://google.com/track,2025-04-13 01:15:01,extra3
827,46978,7587,FaceBook,http://iosapps.com/?utm=apple,2025-04-13 01:15:01,extra5
828,83015,9150,Apple,http://iosapps.com/?utm=apple,2025-04-13 01:15:01,extra8
829,68375,2029,facebook,http://fb.com/ad,2025-04-13 01:15:01,extra8
830,55622,8805,baidu,http://social.com?src=fb,2025-04-13 01:15:01,extra2
831,27120,4585,aPpLe,http://apple.com/ad?campaign=123,2025-04-13 01:15:01,extra9
832,14963,4772,facebook,http://iosapps.com/?utm=apple,2025-04-13 01:15:01,extra8
833,93597,9816,baidu,http://social.com?src=fb,2025-04-13 01:15:01,extra4
834,55402,6089,google,http://google.com/track,2025-04-13 01:15:01,extra8
835,66263,8918,Apple,http://fb.com/ad,2025-04-13 01:15:01,extra10
836,80074,2555,baidu,http://google.com/track,2025-04-13 01:15:01,extra9
837,75732,3395,Apple,http://baidu.cn/search?q=test,2025-04-13 01:15:01,extra9
838,82781,8469,baidu,http://social.com?src=fb,2025-04-13 01:15:01,extra2
839,81311,4215,Apple,http://fb.com/ad,2025-04-13 01:15:01,extra9
840,58546,6057,FaceBook,http://google.com/track,2025-04-13 01:15:01,extra2
841,99224,2676,Apple,http://iosapps.com/?utm=apple,2025-04-13 01:15:01,extra1
842,62386,3346,google,http://fb.com/ad,2025-04-13 01:15:01,extra3
843,31055,5168,aPpLe,http://iosapps.com/?utm=apple,2025-04-13 01:15:01,extra9
844,69682,1605,aPpLe,http://apple.com/ad?campaign=123,2025-04-13 01:15:01,extra8
845,76281,8777,google,http://apple.com/ad?campaign=123,2025-04-13 01:15:01,extra2
846,20290,5792,Apple,http://iosapps.com/?utm=apple,2025-04-13 01:15:01,extra1
847,40922,6923,Apple,http://google.com/track,2025-04-13 01:15:01,extra2
848,88840,9879,baidu,http://apple.com/ad?campaign=123,2025-04-13 01:15:01,extra8
849,17152,7214,Apple,http://iosapps.com/?utm=apple,2025-04-13 01:15:01,extra10
850,11322,5211,FaceBook,http://google.com/track,2025-04-13 01:15:01,extra7
851,41461,5054,FaceBook,http://fb.com/ad,2025-04-13 01:15:01,extra8
852,34768,1523,FaceBook,http://apple.com/ad?campaign=123,2025-04-13 01:15:01,extra2
853,90547,9393,facebook,http://google.com/track,2025-04-13 01:15:01,extra3
854,12873,2974,facebook,http://baidu.cn/search?q=test,2025-04-13 01:15:01,extra5
855,49168,3159,aPpLe,http://apple.com/ad?campaign=123,2025-04-13 01:15:01,extra6
856,68128,1632,google,http://baidu.cn/search?q=test,2025-04-13 01:15:01,extra1
857,74130,8535,FaceBook,http://baidu.cn/search?q=test,2025-04-13 01:15:01,extra5
858,50818,7591,FaceBook,http://social.com?src=fb,2025-04-13 01:15:01,extra1
859,95470,2669,aPpLe,http://iosapps.com/?utm=apple,2025-04-13 01:15:01,extra1
860,59115,6711,facebook,http://apple.com/ad?campaign=123,2025-04-13 01:15:01,extra6
861,42122,3599,FaceBook,http://google.com/track,2025-04-13 01:15:01,extra4
862,58946,1743,FaceBook,http://google.com/track,2025-04-13 01:15:01,extra4
863,55522,6150,baidu,http://google.com/track,2025-04-13 01:15:01,extra1
864,78171,1521,baidu,http://apple.com/ad?campaign=123,2025-04-13 01:15:01,extra9
865,85092,2697,facebook,http://google.com/track,2025-04-13 01:15:01,extra3
866,48826,4328,Apple,http://social.com?src=fb,2025-04-13 01:15:01,extra5
867,78891,9242,facebook,http://apple.com/ad?campaign=123,2025-04-13 01:15:01,extra8
868,53897,7532,baidu,http://fb.com/ad,2025-04-13 01:15:01,extra4
869,89511,5036,google,http://social.com?src=fb,2025-04-13 01:15:01,extra5
870,11220,1010,aPpLe,http://iosapps.com/?utm=apple,2025-04-13 01:15:01,extra1
871,79169,7824,FaceBook,http://google.com/track,2025-04-13 01:15:01,extra8
872,83513,8511,google,http://fb.com/ad,2025-04-13 01:15:01,extra10
873,68343,7118,aPpLe,http://iosapps.com/?utm=apple,2025-04-13 01:15:01,extra6
874,92146,7144,FaceBook,http://social.com?src=fb,2025-04-13 01:15:01,extra8
875,68917,6213,FaceBook,http://apple.com/ad?campaign=123,2025-04-13 01:15:01,extra9
876,71111,9960,FaceBook,http://fb.com/ad,2025-04-13 01:15:01,extra1
877,25821,2682,facebook,http://baidu.cn/search?q=test,2025-04-13 01:15:01,extra3
878,58308,1748,Apple,http://apple.com/ad?campaign=123,2025-04-13 01:15:01,extra10
879,38305,3521,aPpLe,http://baidu.cn/search?q=test,2025-04-13 01:15:01,extra9
880,63579,4211,google,http://baidu.cn/search?q=test,2025-04-13 01:15:01,extra6
881,66093,8930,FaceBook,http://iosapps.com/?utm=apple,2025-04-13 01:15:01,extra4
882,46361,4403,Apple,http://social.com?src=fb,2025-04-13 01:15:01,extra3
883,56824,6282,google,http://google.com/track,2025-04-13 01:15:01,extra6
884,68983,5321,facebook,http://apple.com/ad?campaign=123,2025-04-13 01:15:01,extra6
885,32547,2817,baidu,http://baidu.cn/search?q=test,2025-04-13 01:15:01,extra7
886,54006,1286,baidu,http://baidu.cn/search?q=test,2025-04-13 01:15:01,extra1
887,94665,7036,google,http://baidu.cn/search?q=test,2025-04-13 01:15:01,extra9
888,49560,1692,facebook,http://social.com?src=fb,2025-04-13 01:15:01,extra4
889,53164,5877,facebook,http://iosapps.com/?utm=apple,2025-04-13 01:15:01,extra4
890,71934,9633,google,http://google.com/track,2025-04-13 01:15:01,extra2
891,18961,8543,FaceBook,http://iosapps.com/?utm=apple,2025-04-13 01:15:01,extra9
892,61016,8538,Apple,http://baidu.cn/search?q=test,2025-04-13 01:15:01,extra1
893,77718,6828,aPpLe,http://iosapps.com/?utm=apple,2025-04-13 01:15:01,extra7
894,75473,2372,FaceBook,http://iosapps.com/?utm=apple,2025-04-13 01:15:01,extra8
895,98841,5587,aPpLe,http://baidu.cn/search?q=test,2025-04-13 01:15:01,extra2
896,74397,6125,facebook,http://apple.com/ad?campaign=123,2025-04-13 01:15:01,extra6
897,66435,5477,FaceBook,http://google.com/track,2025-04-13 01:15:01,extra8
898,90442,2723,baidu,http://google.com/track,2025-04-13 01:15:01,extra8
899,99475,9449,baidu,http://google.com/track,2025-04-13 01:15:01,extra8
900,77466,4703,facebook,http://baidu.cn/search?q=test,2025-04-13 01:15:01,extra7
901,68705,9044,FaceBook,http://google.com/track,2025-04-13 01:15:01,extra7
902,59730,2816,aPpLe,http://fb.com/ad,2025-04-13 01:15:01,extra6
903,94898,6268,Apple,http://iosapps.com/?utm=apple,2025-04-13 01:15:01,extra7
904,74098,7828,Apple,http://google.com/track,2025-04-13 01:15:01,extra3
905,73335,1372,FaceBook,http://iosapps.com/?utm=apple,2025-04-13 01:15:01,extra9
906,75956,7392,aPpLe,http://google.com/track,2025-04-13 01:15:01,extra7
907,73721,7991,Apple,http://social.com?src=fb,2025-04-13 01:15:01,extra5
908,60412,4884,google,http://apple.com/ad?campaign=123,2025-04-13 01:15:01,extra4
909,66515,8595,baidu,http://baidu.cn/search?q=test,2025-04-13 01:15:01,extra4
910,30454,8199,facebook,http://social.com?src=fb,2025-04-13 01:15:01,extra8
911,33894,7656,google,http://iosapps.com/?utm=apple,2025-04-13 01:15:01,extra1
912,73314,7739,Apple,http://iosapps.com/?utm=apple,2025-04-13 01:15:01,extra2
913,28350,8913,baidu,http://apple.com/ad?campaign=123,2025-04-13 01:15:01,extra10
914,86551,8299,baidu,http://fb.com/ad,2025-04-13 01:15:01,extra6
915,57241,6487,FaceBook,http://iosapps.com/?utm=apple,2025-04-13 01:15:01,extra3
916,81099,3632,Apple,http://baidu.cn/search?q=test,2025-04-13 01:15:01,extra4
917,85514,8732,Apple,http://google.com/track,2025-04-13 01:15:01,extra7
918,92641,9623,Apple,http://fb.com/ad,2025-04-13 01:15:01,extra3
919,68585,6421,FaceBook,http://apple.com/ad?campaign=123,2025-04-13 01:15:01,extra6
920,25081,2617,aPpLe,http://social.com?src=fb,2025-04-13 01:15:01,extra5
921,12026,9764,google,http://social.com?src=fb,2025-04-13 01:15:01,extra8
922,37686,9540,FaceBook,http://apple.com/ad?campaign=123,2025-04-13 01:15:01,extra9
923,50276,1934,FaceBook,http://google.com/track,2025-04-13 01:15:01,extra5
924,75944,8114,baidu,http://apple.com/ad?campaign=123,2025-04-13 01:15:01,extra7
925,68708,4551,facebook,http://fb.com/ad,2025-04-13 01:15:01,extra6
926,17800,4297,facebook,http://apple.com/ad?campaign=123,2025-04-13 01:15:01,extra4
927,32584,5929,baidu,http://baidu.cn/search?q=test,2025-04-13 01:15:01,extra9
928,95104,5754,facebook,http://iosapps.com/?utm=apple,2025-04-13 01:15:01,extra6
929,19712,7301,aPpLe,http://social.com?src=fb,2025-04-13 01:15:01,extra9
930,95892,1822,aPpLe,http://iosapps.com/?utm=apple,2025-04-13 01:15:01,extra2
931,48142,8877,google,http://apple.com/ad?campaign=123,2025-04-13 01:15:01,extra7
932,58183,7006,FaceBook,http://baidu.cn/search?q=test,2025-04-13 01:15:01,extra7
933,94724,5912,Apple,http://baidu.cn/search?q=test,2025-04-13 01:15:01,extra9
934,56678,7681,baidu,http://google.com/track,2025-04-13 01:15:01,extra6
935,33418,1433,aPpLe,http://apple.com/ad?campaign=123,2025-04-13 01:15:01,extra9
936,82443,3759,baidu,http://fb.com/ad,2025-04-13 01:15:01,extra5
937,55309,4178,baidu,http://baidu.cn/search?q=test,2025-04-13 01:15:01,extra7
938,51045,5157,baidu,http://social.com?src=fb,2025-04-13 01:15:01,extra10
939,78212,5990,Apple,http://social.com?src=fb,2025-04-13 01:15:01,extra9
940,57865,7913,Apple,http://apple.com/ad?campaign=123,2025-04-13 01:15:01,extra2
941,16072,6474,aPpLe,http://apple.com/ad?campaign=123,2025-04-13 01:15:01,extra9
942,66385,9203,baidu,http://google.com/track,2025-04-13 01:15:01,extra1
943,50477,5017,baidu,http://social.com?src=fb,2025-04-13 01:15:01,extra3
944,82640,6674,FaceBook,http://fb.com/ad,2025-04-13 01:15:01,extra5
945,19304,4083,baidu,http://fb.com/ad,2025-04-13 01:15:01,extra3
946,33261,5751,aPpLe,http://social.com?src=fb,2025-04-13 01:15:01,extra9
947,22157,4940,aPpLe,http://social.com?src=fb,2025-04-13 01:15:01,extra8
948,17641,2829,google,http://social.com?src=fb,2025-04-13 01:15:01,extra10
949,84699,2459,baidu,http://fb.com/ad,2025-04-13 01:15:01,extra5
950,15677,7758,Apple,http://social.com?src=fb,2025-04-13 01:15:01,extra2
951,85044,3996,aPpLe,http://baidu.cn/search?q=test,2025-04-13 01:15:01,extra1
952,11770,1886,Apple,http://baidu.cn/search?q=test,2025-04-13 01:15:01,extra7
953,47869,2119,google,http://iosapps.com/?utm=apple,2025-04-13 01:15:01,extra6
954,71703,1289,aPpLe,http://fb.com/ad,2025-04-13 01:15:01,extra9
955,21316,4393,FaceBook,http://google.com/track,2025-04-13 01:15:01,extra6
956,76292,5249,aPpLe,http://iosapps.com/?utm=apple,2025-04-13 01:15:01,extra4
957,64679,3308,facebook,http://fb.com/ad,2025-04-13 01:15:01,extra5
958,92180,8186,baidu,http://iosapps.com/?utm=apple,2025-04-13 01:15:01,extra8
959,79946,6399,baidu,http://google.com/track,2025-04-13 01:15:01,extra2
960,58946,7166,facebook,http://fb.com/ad,2025-04-13 01:15:01,extra7
961,24576,5965,Apple,http://apple.com/ad?campaign=123,2025-04-13 01:15:01,extra4
962,96568,9039,google,http://google.com/track,2025-04-13 01:15:01,extra5
963,91760,9970,baidu,http://baidu.cn/search?q=test,2025-04-13 01:15:01,extra5
964,65545,7270,google,http://fb.com/ad,2025-04-13 01:15:01,extra5
965,34326,5067,Apple,http://baidu.cn/search?q=test,2025-04-13 01:15:01,extra4
966,76791,4289,aPpLe,http://fb.com/ad,2025-04-13 01:15:01,extra7
967,95127,8917,facebook,http://fb.com/ad,2025-04-13 01:15:01,extra2
968,58370,5139,baidu,http://social.com?src=fb,2025-04-13 01:15:01,extra10
969,85602,2565,google,http://social.com?src=fb,2025-04-13 01:15:01,extra4
970,28677,1464,aPpLe,http://apple.com/ad?campaign=123,2025-04-13 01:15:01,extra5
971,45270,1019,aPpLe,http://social.com?src=fb,2025-04-13 01:15:01,extra4
972,46658,4346,google,http://fb.com/ad,2025-04-13 01:15:01,extra7
973,40331,7466,aPpLe,http://google.com/track,2025-04-13 01:15:01,extra7
974,85281,3112,aPpLe,http://social.com?src=fb,2025-04-13 01:15:01,extra5
975,21329,7372,FaceBook,http://fb.com/ad,2025-04-13 01:15:01,extra3
976,86179,6597,google,http://google.com/track,2025-04-13 01:15:01,extra7
977,49011,7924,aPpLe,http://baidu.cn/search?q=test,2025-04-13 01:15:01,extra8
978,30155,5475,Apple,http://apple.com/ad?campaign=123,2025-04-13 01:15:01,extra6
979,43815,2733,Apple,http://google.com/track,2025-04-13 01:15:01,extra10
980,50355,9349,baidu,http://google.com/track,2025-04-13 01:15:01,extra1
981,26773,7539,google,http://iosapps.com/?utm=apple,2025-04-13 01:15:01,extra10
982,11552,1256,google,http://social.com?src=fb,2025-04-13 01:15:01,extra6
983,82278,1220,facebook,http://social.com?src=fb,2025-04-13 01:15:01,extra2
984,92437,9766,google,http://google.com/track,2025-04-13 01:15:01,extra9
985,35132,7098,google,http://baidu.cn/search?q=test,2025-04-13 01:15:01,extra5
986,75988,8916,FaceBook,http://iosapps.com/?utm=apple,2025-04-13 01:15:01,extra2
987,64794,5837,google,http://baidu.cn/search?q=test,2025-04-13 01:15:01,extra7
988,32747,9464,aPpLe,http://apple.com/ad?campaign=123,2025-04-13 01:15:01,extra6
989,23360,6129,aPpLe,http://google.com/track,2025-04-13 01:15:01,extra2
990,82448,8138,baidu,http://baidu.cn/search?q=test,2025-04-13 01:15:01,extra2
991,85291,3864,aPpLe,http://social.com?src=fb,2025-04-13 01:15:01,extra1
992,44368,4537,aPpLe,http://iosapps.com/?utm=apple,2025-04-13 01:15:01,extra1
993,46782,5132,facebook,http://baidu.cn/search?q=test,2025-04-13 01:15:01,extra3
994,86023,5099,Apple,http://fb.com/ad,2025-04-13 01:15:01,extra8
995,22796,9182,google,http://google.com/track,2025-04-13 01:15:01,extra2
996,79969,6654,google,http://apple.com/ad?campaign=123,2025-04-13 01:15:01,extra9
997,69105,2623,facebook,http://social.com?src=fb,2025-04-13 01:15:01,extra6
998,62115,4179,aPpLe,http://iosapps.com/?utm=apple,2025-04-13 01:15:01,extra7
999,47866,9097,baidu,http://apple.com/ad?campaign=123,2025-04-13 01:15:01,extra9
1000,52210,2851,aPpLe,http://fb.com/ad,2025-04-13 01:15:01,extra10
