19,1057,16085769,channel_4,https://example.com/798,2025-04-04 11:31:48,Extra data 94301
12,1097,18459958,channel_4,https://example.com/663,2025-04-02 18:21:48,Extra data 67888
8,1048,41380789,channel_4,https://example.com/815,2025-03-27 06:20:48,Extra data 21813
18,1077,7675055,channel_5,https://example.com/686,2025-03-28 17:09:48,Extra data 43531
4,1090,41707595,channel_4,https://example.com/309,2025-04-06 14:58:48,Extra data 76209
1,1007,2983817,channel_2,https://example.com/950,2025-03-30 12:38:48,Extra data 44746
12,1071,32674588,channel_4,https://example.com/840,2025-03-17 00:31:48,Extra data 51424
7,1036,47916571,channel_1,https://example.com/654,2025-04-09 16:39:48,Extra data 95186
17,1090,18600812,channel_5,https://example.com/383,2025-03-18 01:03:48,Extra data 1163
10,1053,28263814,channel_2,https://example.com/653,2025-03-15 07:08:48,Extra data 25507
12,1018,17418774,channel_4,https://example.com/715,2025-04-06 23:29:48,Extra data 14514
20,1078,47148986,channel_3,https://example.com/76,2025-03-30 04:59:48,Extra data 21521
3,1079,31000154,channel_4,https://example.com/386,2025-03-20 09:16:48,Extra data 47343
4,1033,39020170,channel_1,https://example.com/213,2025-04-07 06:14:48,Extra data 52079
1,1048,14242870,channel_4,https://example.com/973,2025-03-16 05:44:48,Extra data 74660
14,1018,31163053,channel_4,https://example.com/474,2025-04-11 09:13:48,Extra data 27008
12,1092,49242307,channel_5,https://example.com/225,2025-04-02 12:48:48,Extra data 65563
10,1059,19997564,channel_2,https://example.com/109,2025-03-31 02:57:48,Extra data 89795
11,1026,48348166,channel_3,https://example.com/975,2025-04-06 19:50:48,Extra data 24936
3,1084,13938126,channel_3,https://example.com/221,2025-03-27 20:48:48,Extra data 73167
6,1001,15156373,channel_5,https://example.com/22,2025-03-18 09:23:48,Extra data 447
18,1067,40063835,channel_2,https://example.com/281,2025-03-27 13:25:48,Extra data 41417
17,1055,47500105,channel_5,https://example.com/123,2025-04-03 17:59:48,Extra data 57813
12,1049,1747473,channel_2,https://example.com/525,2025-03-27 12:29:48,Extra data 39949
9,1047,24466495,channel_5,https://example.com/570,2025-04-10 05:03:48,Extra data 15075
5,1043,38638188,channel_5,https://example.com/970,2025-03-22 22:36:48,Extra data 90724
6,1047,36603908,channel_4,https://example.com/826,2025-03-25 05:36:48,Extra data 37591
10,1046,12762112,channel_2,https://example.com/1,2025-03-19 02:40:48,Extra data 67080
10,1089,12891704,channel_5,https://example.com/250,2025-04-02 06:32:48,Extra data 22557
6,1023,5245433,channel_3,https://example.com/164,2025-03-22 17:09:48,Extra data 4201
19,1073,22038152,channel_2,https://example.com/827,2025-04-02 04:47:48,Extra data 36151
3,1042,9196031,channel_2,https://example.com/999,2025-03-20 01:02:48,Extra data 27994
18,1095,33174332,channel_3,https://example.com/153,2025-03-20 16:25:48,Extra data 15330
1,1023,28882616,channel_3,https://example.com/225,2025-03-23 08:57:48,Extra data 62238
15,1041,48279158,channel_3,https://example.com/650,2025-03-21 01:53:48,Extra data 26247
2,1068,3391375,channel_4,https://example.com/211,2025-03-21 09:19:48,Extra data 49351
7,1082,22662885,channel_4,https://example.com/444,2025-04-02 01:48:48,Extra data 90711
9,1054,38293597,channel_5,https://example.com/627,2025-03-26 00:03:48,Extra data 13339
16,1071,30621774,channel_5,https://example.com/962,2025-03-31 08:09:48,Extra data 97202
8,1017,4539308,channel_5,https://example.com/507,2025-04-09 10:12:48,Extra data 64417
11,1032,39601017,channel_2,https://example.com/998,2025-04-10 13:11:48,Extra data 44000
14,1076,13897399,channel_2,https://example.com/757,2025-03-26 15:08:48,Extra data 31582
19,1079,33673368,channel_1,https://example.com/51,2025-03-14 19:51:48,Extra data 39538
12,1093,16034839,channel_3,https://example.com/842,2025-04-08 08:47:48,Extra data 64036
18,1049,14741731,channel_2,https://example.com/520,2025-03-28 09:38:48,Extra data 97565
10,1089,7516920,channel_5,https://example.com/243,2025-03-16 00:35:48,Extra data 60431
2,1023,24665316,channel_2,https://example.com/613,2025-04-05 02:54:48,Extra data 71823
1,1027,18480628,channel_4,https://example.com/890,2025-04-11 22:32:48,Extra data 9365
18,1074,14502220,channel_4,https://example.com/559,2025-03-27 20:08:48,Extra data 31199
17,1087,23617879,channel_1,https://example.com/503,2025-04-12 08:22:48,Extra data 68461
6,1085,8176891,channel_1,https://example.com/689,2025-03-23 01:23:48,Extra data 42674
6,1067,47343447,channel_3,https://example.com/57,2025-04-02 15:46:48,Extra data 66515
1,1036,11919004,channel_5,https://example.com/145,2025-03-30 21:39:48,Extra data 39147
6,1049,44850065,channel_5,https://example.com/729,2025-03-21 04:53:48,Extra data 67581
13,1047,16094407,channel_2,https://example.com/878,2025-04-10 20:28:48,Extra data 32606
7,1073,4039434,channel_3,https://example.com/380,2025-03-16 09:41:48,Extra data 93789
12,1066,28573463,channel_4,https://example.com/878,2025-04-09 23:01:48,Extra data 99944
20,1080,6713080,channel_1,https://example.com/658,2025-03-16 03:49:48,Extra data 65096
15,1045,23829109,channel_5,https://example.com/971,2025-03-21 13:10:48,Extra data 20134
12,1090,42950882,channel_5,https://example.com/777,2025-03-15 06:21:48,Extra data 84015
17,1070,46292347,channel_1,https://example.com/489,2025-03-22 18:48:48,Extra data 9153
4,1067,11668580,channel_4,https://example.com/414,2025-03-24 18:08:48,Extra data 30898
3,1096,7876425,channel_1,https://example.com/618,2025-03-26 02:53:48,Extra data 5652
16,1030,13003362,channel_1,https://example.com/332,2025-03-26 02:38:48,Extra data 42714
9,1093,18975973,channel_2,https://example.com/343,2025-03-17 23:42:48,Extra data 54693
20,1053,41023473,channel_5,https://example.com/278,2025-03-17 02:42:48,Extra data 20936
3,1033,49242994,channel_1,https://example.com/277,2025-04-07 09:25:48,Extra data 67910
6,1051,49936444,channel_5,https://example.com/254,2025-03-31 11:20:48,Extra data 77525
13,1016,16407776,channel_5,https://example.com/643,2025-04-03 21:46:48,Extra data 81503
1,1054,7290262,channel_4,https://example.com/23,2025-04-01 20:16:48,Extra data 32292
4,1069,29612857,channel_3,https://example.com/685,2025-04-03 15:29:48,Extra data 97340
12,1031,2663692,channel_3,https://example.com/950,2025-03-30 20:11:48,Extra data 27166
4,1008,36775968,channel_5,https://example.com/686,2025-03-29 11:36:48,Extra data 75279
6,1083,10751241,channel_3,https://example.com/532,2025-04-01 02:02:48,Extra data 39497
11,1053,1391037,channel_2,https://example.com/34,2025-04-06 15:01:48,Extra data 82941
15,1069,8665668,channel_2,https://example.com/422,2025-03-30 21:51:48,Extra data 37594
5,1072,40743474,channel_4,https://example.com/184,2025-03-15 20:31:48,Extra data 90824
18,1063,27922975,channel_1,https://example.com/755,2025-03-20 08:04:48,Extra data 28569
11,1061,2409717,channel_2,https://example.com/692,2025-04-04 06:47:48,Extra data 34061
12,1017,11068889,channel_2,https://example.com/888,2025-04-03 17:58:48,Extra data 52674
18,1056,46433978,channel_3,https://example.com/509,2025-03-18 02:06:48,Extra data 17346
4,1085,48128327,channel_2,https://example.com/679,2025-04-06 20:13:48,Extra data 70241
3,1028,47653522,channel_4,https://example.com/898,2025-04-11 12:51:48,Extra data 41548
13,1028,46350578,channel_1,https://example.com/747,2025-04-02 18:47:48,Extra data 99897
1,1069,10463569,channel_4,https://example.com/936,2025-03-15 01:34:48,Extra data 42579
17,1024,18561072,channel_3,https://example.com/63,2025-03-14 22:57:48,Extra data 73577
10,1064,46090784,channel_4,https://example.com/558,2025-03-29 15:41:48,Extra data 83679
16,1097,21820929,channel_1,https://example.com/451,2025-04-07 13:31:48,Extra data 57087
2,1021,18016893,channel_4,https://example.com/390,2025-03-31 12:31:48,Extra data 73875
11,1075,22326737,channel_2,https://example.com/668,2025-04-03 15:15:48,Extra data 55716
3,1021,3927767,channel_5,https://example.com/586,2025-03-26 22:49:48,Extra data 80919
12,1036,16803804,channel_1,https://example.com/138,2025-03-22 04:53:48,Extra data 28913
9,1087,46157295,channel_2,https://example.com/562,2025-04-12 14:06:48,Extra data 47797
10,1041,37931722,channel_5,https://example.com/984,2025-04-11 14:52:48,Extra data 25127
9,1038,36933082,channel_2,https://example.com/698,2025-03-24 09:47:48,Extra data 38387
13,1074,17605519,channel_5,https://example.com/410,2025-03-19 22:55:48,Extra data 82835
7,1085,30558578,channel_4,https://example.com/357,2025-03-15 07:20:48,Extra data 70836
3,1068,31037438,channel_5,https://example.com/483,2025-03-29 02:27:48,Extra data 81226
8,1032,11889508,channel_4,https://example.com/64,2025-03-25 15:09:48,Extra data 66201
3,1092,2934903,channel_3,https://example.com/611,2025-04-03 09:34:48,Extra data 55523
7,1029,16307742,channel_2,https://example.com/253,2025-03-15 19:38:48,Extra data 86868
3,1029,28606346,channel_2,https://example.com/815,2025-03-23 00:04:48,Extra data 74355
6,1032,46132500,channel_3,https://example.com/947,2025-04-07 18:50:48,Extra data 50688
7,1053,39213814,channel_3,https://example.com/324,2025-03-15 06:41:48,Extra data 62917
9,1046,1004058,channel_1,https://example.com/446,2025-04-08 12:40:48,Extra data 44650
9,1045,31165778,channel_5,https://example.com/391,2025-04-13 16:37:48,Extra data 38062
2,1024,19956628,channel_5,https://example.com/805,2025-04-04 23:13:48,Extra data 45442
14,1079,48257484,channel_4,https://example.com/966,2025-04-01 00:23:48,Extra data 71207
19,1011,13076058,channel_4,https://example.com/490,2025-03-24 07:44:48,Extra data 36882
1,1009,3054420,channel_4,https://example.com/589,2025-03-19 21:11:48,Extra data 27303
16,1096,25762827,channel_4,https://example.com/1000,2025-04-11 09:49:48,Extra data 48514
18,1075,10180668,channel_1,https://example.com/224,2025-04-12 10:57:48,Extra data 46403
5,1012,39832520,channel_2,https://example.com/659,2025-04-09 11:29:48,Extra data 22805
3,1057,5105726,channel_1,https://example.com/965,2025-04-10 02:52:48,Extra data 61383
17,1055,5494239,channel_5,https://example.com/134,2025-04-06 18:22:48,Extra data 98524
6,1060,16679076,channel_2,https://example.com/463,2025-03-24 14:11:48,Extra data 22714
5,1093,17782070,channel_4,https://example.com/452,2025-04-10 20:17:48,Extra data 20295
18,1001,42164808,channel_4,https://example.com/5,2025-03-24 22:21:48,Extra data 12637
18,1038,3652843,channel_3,https://example.com/598,2025-03-22 01:41:48,Extra data 22668
16,1028,10593086,channel_4,https://example.com/34,2025-04-10 01:59:48,Extra data 41296
1,1009,35926588,channel_1,https://example.com/197,2025-03-25 00:19:48,Extra data 23135
4,1061,17423527,channel_2,https://example.com/99,2025-04-06 00:58:48,Extra data 84851
10,1013,49635485,channel_4,https://example.com/773,2025-03-17 10:24:48,Extra data 67882
17,1009,6357401,channel_3,https://example.com/984,2025-03-14 13:18:48,Extra data 65831
4,1060,6780861,channel_4,https://example.com/157,2025-04-03 12:56:48,Extra data 87308
13,1025,42238386,channel_3,https://example.com/982,2025-04-06 18:18:48,Extra data 35517
4,1005,41177692,channel_3,https://example.com/826,2025-04-10 07:21:48,Extra data 84313
12,1054,20443578,channel_5,https://example.com/64,2025-04-09 23:30:48,Extra data 89405
2,1019,36655409,channel_2,https://example.com/776,2025-04-04 16:30:48,Extra data 69925
5,1016,43583632,channel_3,https://example.com/276,2025-03-28 04:21:48,Extra data 4756
9,1074,29722507,channel_4,https://example.com/343,2025-04-10 23:38:48,Extra data 69694
18,1013,42625352,channel_2,https://example.com/183,2025-03-29 21:47:48,Extra data 69430
9,1048,32374305,channel_2,https://example.com/311,2025-03-27 16:28:48,Extra data 48784
16,1062,30761421,channel_2,https://example.com/490,2025-03-18 13:24:48,Extra data 56359
7,1001,11384364,channel_5,https://example.com/236,2025-03-30 14:36:48,Extra data 5908
2,1041,45866633,channel_5,https://example.com/950,2025-04-02 03:19:48,Extra data 65941
4,1075,29068016,channel_3,https://example.com/94,2025-03-21 04:06:48,Extra data 20216
19,1045,1423237,channel_1,https://example.com/610,2025-03-21 19:37:48,Extra data 58733
16,1040,18968884,channel_3,https://example.com/424,2025-03-24 06:59:48,Extra data 40454
4,1036,22295858,channel_5,https://example.com/840,2025-03-22 07:18:48,Extra data 37647
1,1100,19449262,channel_3,https://example.com/924,2025-03-31 10:49:48,Extra data 94958
13,1095,41152997,channel_3,https://example.com/713,2025-04-04 23:04:48,Extra data 95924
2,1078,6863474,channel_4,https://example.com/343,2025-03-30 04:17:48,Extra data 29578
15,1004,14840789,channel_1,https://example.com/322,2025-04-07 06:48:48,Extra data 68369
17,1088,1830215,channel_3,https://example.com/872,2025-04-11 18:08:48,Extra data 72783
18,1046,31585473,channel_3,https://example.com/521,2025-04-13 00:07:48,Extra data 77798
7,1058,35783349,channel_2,https://example.com/807,2025-04-04 15:52:48,Extra data 19916
14,1022,34107146,channel_4,https://example.com/286,2025-04-01 13:17:48,Extra data 87403
16,1088,38951581,channel_1,https://example.com/573,2025-04-11 01:22:48,Extra data 46333
19,1032,44334364,channel_3,https://example.com/498,2025-03-24 19:58:48,Extra data 42531
7,1002,39613193,channel_3,https://example.com/327,2025-03-20 18:22:48,Extra data 25696
18,1027,3118058,channel_1,https://example.com/803,2025-03-16 22:55:48,Extra data 50503
17,1060,30667492,channel_1,https://example.com/149,2025-03-28 04:26:48,Extra data 70626
14,1017,47272162,channel_2,https://example.com/758,2025-04-13 00:54:48,Extra data 26613
4,1076,25234803,channel_3,https://example.com/45,2025-04-12 13:01:48,Extra data 30003
19,1052,21508043,channel_4,https://example.com/991,2025-03-24 16:30:48,Extra data 44355
7,1085,39108928,channel_5,https://example.com/537,2025-03-18 08:18:48,Extra data 74861
19,1017,29276548,channel_5,https://example.com/668,2025-03-31 01:13:48,Extra data 49797
2,1037,49947285,channel_5,https://example.com/201,2025-03-27 01:37:48,Extra data 41163
10,1095,27395826,channel_4,https://example.com/150,2025-03-31 06:30:48,Extra data 38894
3,1081,21122521,channel_3,https://example.com/401,2025-03-27 19:59:48,Extra data 88427
10,1050,28247994,channel_2,https://example.com/825,2025-03-25 11:32:48,Extra data 11393
20,1074,27660206,channel_5,https://example.com/513,2025-04-05 23:51:48,Extra data 92374
5,1033,7607580,channel_3,https://example.com/30,2025-03-18 09:46:48,Extra data 73906
9,1068,36253413,channel_2,https://example.com/618,2025-04-01 05:54:48,Extra data 70239
9,1012,13603894,channel_1,https://example.com/811,2025-03-27 09:00:48,Extra data 72322
12,1034,3564408,channel_3,https://example.com/286,2025-03-31 10:17:48,Extra data 92297
3,1008,24449902,channel_1,https://example.com/173,2025-03-24 05:55:48,Extra data 19731
5,1032,5957035,channel_2,https://example.com/211,2025-03-20 11:57:48,Extra data 39021
20,1027,30486864,channel_4,https://example.com/110,2025-04-13 14:18:48,Extra data 18442
6,1063,21011451,channel_1,https://example.com/29,2025-03-13 18:26:48,Extra data 59573
8,1091,49625164,channel_1,https://example.com/823,2025-04-03 03:34:48,Extra data 74372
1,1049,23855764,channel_5,https://example.com/140,2025-03-24 17:21:48,Extra data 23789
13,1034,19444420,channel_2,https://example.com/901,2025-04-10 06:46:48,Extra data 61444
4,1062,39010924,channel_3,https://example.com/88,2025-03-28 15:39:48,Extra data 18916
2,1060,11345200,channel_1,https://example.com/462,2025-03-25 06:11:48,Extra data 75324
19,1082,39368546,channel_3,https://example.com/634,2025-04-10 23:35:48,Extra data 51423
7,1037,36124644,channel_3,https://example.com/307,2025-03-18 16:46:48,Extra data 59877
17,1044,27355441,channel_1,https://example.com/416,2025-03-13 23:23:48,Extra data 39474
12,1029,34520672,channel_2,https://example.com/78,2025-03-26 11:49:48,Extra data 28072
7,1068,21186092,channel_3,https://example.com/305,2025-03-26 00:28:48,Extra data 35544
7,1020,30771850,channel_5,https://example.com/218,2025-03-14 06:05:48,Extra data 36177
15,1017,49952238,channel_2,https://example.com/420,2025-03-21 18:06:48,Extra data 95061
17,1059,48243294,channel_2,https://example.com/295,2025-03-27 15:42:48,Extra data 16960
10,1005,6903282,channel_1,https://example.com/768,2025-04-10 05:27:48,Extra data 61292
15,1048,30229063,channel_4,https://example.com/329,2025-04-10 15:56:48,Extra data 54295
8,1087,47356922,channel_1,https://example.com/660,2025-04-02 01:00:48,Extra data 43613
18,1092,26558753,channel_4,https://example.com/182,2025-03-19 08:01:48,Extra data 63757
7,1010,35256424,channel_4,https://example.com/667,2025-04-07 20:43:48,Extra data 48015
8,1080,46412848,channel_4,https://example.com/49,2025-03-28 11:45:48,Extra data 70164
10,1079,25111338,channel_3,https://example.com/985,2025-04-07 08:22:48,Extra data 33925
10,1013,25466720,channel_2,https://example.com/289,2025-04-03 21:02:48,Extra data 49779
14,1040,1112825,channel_2,https://example.com/713,2025-03-21 11:46:48,Extra data 26236
1,1055,28807553,channel_4,https://example.com/828,2025-03-31 11:13:48,Extra data 28991
16,1031,28322571,channel_3,https://example.com/130,2025-04-13 04:03:48,Extra data 70307
9,1091,3067391,channel_3,https://example.com/120,2025-04-05 04:51:48,Extra data 32277
4,1069,17818784,channel_4,https://example.com/395,2025-03-19 00:51:48,Extra data 68392
10,1035,38728378,channel_1,https://example.com/82,2025-03-13 21:31:48,Extra data 61052
4,1012,49149995,channel_3,https://example.com/343,2025-03-21 04:35:48,Extra data 86606
12,1091,31714995,channel_1,https://example.com/215,2025-03-21 04:26:48,Extra data 38930
9,1067,35587865,channel_3,https://example.com/529,2025-04-07 18:04:48,Extra data 15773
15,1012,25933333,channel_4,https://example.com/338,2025-04-04 03:00:48,Extra data 6953
13,1079,42417756,channel_5,https://example.com/962,2025-04-08 18:14:48,Extra data 95493
13,1002,34513517,channel_2,https://example.com/397,2025-04-10 15:57:48,Extra data 63591
19,1004,40775296,channel_1,https://example.com/113,2025-04-01 13:07:48,Extra data 58216
15,1011,33058872,channel_1,https://example.com/736,2025-03-22 11:18:48,Extra data 55882
4,1046,21990661,channel_2,https://example.com/5,2025-03-21 16:07:48,Extra data 25889
10,1003,22936152,channel_3,https://example.com/191,2025-03-14 05:08:48,Extra data 78167
17,1100,6407774,channel_2,https://example.com/841,2025-03-31 08:36:48,Extra data 38954
8,1077,9497354,channel_1,https://example.com/79,2025-03-22 09:47:48,Extra data 50005
20,1015,28209198,channel_3,https://example.com/270,2025-04-10 11:14:48,Extra data 58166
4,1073,23292206,channel_2,https://example.com/69,2025-04-11 06:41:48,Extra data 79489
18,1061,27427488,channel_4,https://example.com/626,2025-04-09 01:08:48,Extra data 25340
8,1086,33790985,channel_1,https://example.com/204,2025-03-14 13:37:48,Extra data 56904
17,1064,41537345,channel_3,https://example.com/845,2025-04-04 18:32:48,Extra data 9968
20,1039,35537051,channel_5,https://example.com/525,2025-04-10 11:21:48,Extra data 90384
6,1083,12247621,channel_5,https://example.com/373,2025-03-18 09:39:48,Extra data 5202
8,1016,49013818,channel_1,https://example.com/592,2025-04-13 16:24:48,Extra data 54538
10,1090,36067683,channel_1,https://example.com/946,2025-04-11 08:35:48,Extra data 75244
7,1096,40561415,channel_4,https://example.com/626,2025-03-25 05:27:48,Extra data 85921
12,1006,9924634,channel_2,https://example.com/307,2025-03-26 23:03:48,Extra data 94752
4,1088,15111531,channel_1,https://example.com/536,2025-03-16 19:09:48,Extra data 75367
3,1086,16209973,channel_1,https://example.com/708,2025-04-11 03:12:48,Extra data 54321
17,1055,8091251,channel_3,https://example.com/564,2025-04-10 13:06:48,Extra data 53068
11,1016,2303590,channel_3,https://example.com/460,2025-03-17 20:33:48,Extra data 50774
1,1064,38863789,channel_5,https://example.com/119,2025-04-11 09:34:48,Extra data 238
14,1078,13688863,channel_4,https://example.com/333,2025-03-15 03:47:48,Extra data 23993
15,1024,24374126,channel_3,https://example.com/435,2025-04-09 06:48:48,Extra data 85776
12,1074,20123163,channel_1,https://example.com/194,2025-03-27 03:41:48,Extra data 85737
12,1059,27823451,channel_1,https://example.com/549,2025-03-30 23:48:48,Extra data 78338
4,1046,34676926,channel_3,https://example.com/23,2025-03-24 14:37:48,Extra data 73004
6,1033,44598595,channel_5,https://example.com/626,2025-03-29 02:42:48,Extra data 41210
15,1013,8850900,channel_1,https://example.com/176,2025-03-21 04:44:48,Extra data 6620
19,1053,39950214,channel_3,https://example.com/172,2025-03-13 22:58:48,Extra data 31144
14,1004,47524132,channel_4,https://example.com/332,2025-04-01 14:15:48,Extra data 4534
6,1064,30875225,channel_5,https://example.com/994,2025-04-03 20:33:48,Extra data 87749
5,1063,10084245,channel_1,https://example.com/394,2025-03-25 17:44:48,Extra data 86177
11,1037,38631206,channel_4,https://example.com/638,2025-03-23 17:55:48,Extra data 23770
2,1025,10821439,channel_1,https://example.com/70,2025-03-20 18:33:48,Extra data 26341
1,1080,6470038,channel_2,https://example.com/959,2025-03-30 22:18:48,Extra data 63059
4,1018,43069519,channel_2,https://example.com/632,2025-03-15 04:25:48,Extra data 67845
8,1005,4812022,channel_4,https://example.com/601,2025-03-16 17:32:48,Extra data 2181
3,1082,29459469,channel_1,https://example.com/491,2025-03-14 21:54:48,Extra data 60210
13,1083,32128997,channel_5,https://example.com/481,2025-04-11 08:44:48,Extra data 36698
9,1057,2169643,channel_2,https://example.com/872,2025-03-28 10:19:48,Extra data 99468
14,1008,17206911,channel_1,https://example.com/241,2025-03-29 17:23:48,Extra data 34883
4,1096,46082707,channel_5,https://example.com/519,2025-04-01 13:35:48,Extra data 28935
9,1048,17393922,channel_3,https://example.com/415,2025-03-17 21:04:48,Extra data 45506
17,1020,25761044,channel_5,https://example.com/224,2025-03-27 16:33:48,Extra data 63415
11,1006,18523768,channel_2,https://example.com/368,2025-04-10 12:01:48,Extra data 12832
15,1007,13292791,channel_4,https://example.com/829,2025-04-05 17:03:48,Extra data 12397
10,1033,37229300,channel_5,https://example.com/369,2025-04-05 00:00:48,Extra data 12316
1,1072,25057792,channel_4,https://example.com/13,2025-03-13 20:32:48,Extra data 1365
2,1031,7340283,channel_3,https://example.com/701,2025-03-24 20:27:48,Extra data 11884
4,1083,6933654,channel_1,https://example.com/269,2025-04-09 20:24:48,Extra data 44070
15,1092,9785565,channel_4,https://example.com/313,2025-04-04 19:57:48,Extra data 23467
9,1051,46253434,channel_3,https://example.com/763,2025-03-14 01:05:48,Extra data 18465
17,1001,33382424,channel_2,https://example.com/577,2025-03-28 03:05:48,Extra data 53876
6,1088,16042245,channel_4,https://example.com/99,2025-03-27 18:02:48,Extra data 11824
19,1052,22108866,channel_3,https://example.com/566,2025-04-04 07:50:48,Extra data 20627
6,1020,4801465,channel_3,https://example.com/836,2025-04-02 15:14:48,Extra data 42228
18,1062,34038591,channel_5,https://example.com/50,2025-04-11 02:49:48,Extra data 97839
19,1058,8146990,channel_2,https://example.com/870,2025-03-22 13:10:48,Extra data 71142
7,1079,12668530,channel_1,https://example.com/132,2025-04-03 09:03:48,Extra data 94065
2,1011,18766177,channel_4,https://example.com/628,2025-04-01 12:17:48,Extra data 53738
8,1086,13832685,channel_2,https://example.com/765,2025-03-29 02:29:48,Extra data 19324
15,1071,9193957,channel_3,https://example.com/327,2025-03-28 03:59:48,Extra data 93156
17,1085,23425625,channel_1,https://example.com/798,2025-04-12 12:17:48,Extra data 74175
15,1097,7347617,channel_3,https://example.com/439,2025-03-25 18:29:48,Extra data 16708
4,1028,48669218,channel_4,https://example.com/338,2025-03-20 01:47:48,Extra data 46807
15,1067,27112138,channel_2,https://example.com/246,2025-04-01 08:20:48,Extra data 77421
4,1097,28540094,channel_2,https://example.com/606,2025-03-28 18:42:48,Extra data 68900
6,1016,26285632,channel_1,https://example.com/830,2025-03-24 14:53:48,Extra data 4236
4,1035,3412854,channel_2,https://example.com/106,2025-03-29 18:22:48,Extra data 28632
15,1096,39530909,channel_4,https://example.com/634,2025-04-01 21:43:48,Extra data 89003
10,1086,24448075,channel_5,https://example.com/926,2025-04-02 07:32:48,Extra data 13353
3,1076,41473813,channel_4,https://example.com/259,2025-03-17 13:31:48,Extra data 31673
14,1030,47417652,channel_3,https://example.com/307,2025-04-06 00:52:48,Extra data 70210
14,1072,14095615,channel_1,https://example.com/637,2025-04-12 17:07:48,Extra data 58257
14,1005,31224355,channel_3,https://example.com/924,2025-03-21 06:07:48,Extra data 47000
5,1009,35665354,channel_5,https://example.com/235,2025-03-27 17:54:48,Extra data 5551
1,1001,47346938,channel_5,https://example.com/467,2025-03-26 11:01:48,Extra data 74329
4,1076,36831159,channel_4,https://example.com/538,2025-03-29 23:43:48,Extra data 42214
19,1053,21295212,channel_1,https://example.com/533,2025-04-08 11:59:48,Extra data 66387
7,1066,46349397,channel_5,https://example.com/738,2025-03-16 05:54:48,Extra data 29501
2,1006,42045816,channel_2,https://example.com/358,2025-04-03 08:56:48,Extra data 98039
8,1004,5253861,channel_1,https://example.com/919,2025-03-20 06:14:48,Extra data 17963
13,1095,34365152,channel_4,https://example.com/353,2025-03-27 08:44:48,Extra data 50240
3,1033,42516921,channel_4,https://example.com/174,2025-03-15 02:32:48,Extra data 39099
8,1082,37838544,channel_4,https://example.com/757,2025-03-18 19:24:48,Extra data 5268
18,1062,7120054,channel_2,https://example.com/397,2025-03-25 18:36:48,Extra data 6204
14,1001,49235369,channel_1,https://example.com/171,2025-03-26 23:03:48,Extra data 85049
12,1006,46639298,channel_4,https://example.com/101,2025-03-25 11:44:48,Extra data 62425
7,1066,7593813,channel_4,https://example.com/606,2025-03-31 10:18:48,Extra data 39366
5,1021,6091874,channel_5,https://example.com/407,2025-04-03 06:52:48,Extra data 20333
2,1010,4862667,channel_4,https://example.com/304,2025-03-16 00:37:48,Extra data 7519
8,1093,19648936,channel_5,https://example.com/346,2025-04-05 04:53:48,Extra data 23017
9,1065,38375083,channel_3,https://example.com/171,2025-03-17 19:10:48,Extra data 94716
12,1078,23512282,channel_3,https://example.com/303,2025-03-29 03:39:48,Extra data 22006
4,1001,40375159,channel_4,https://example.com/266,2025-03-28 03:31:48,Extra data 29038
20,1073,9969466,channel_2,https://example.com/556,2025-04-04 17:43:48,Extra data 20391
6,1094,49868729,channel_1,https://example.com/838,2025-04-10 07:03:48,Extra data 1658
17,1039,3571545,channel_3,https://example.com/967,2025-04-01 18:20:48,Extra data 65008
14,1022,31555159,channel_5,https://example.com/643,2025-03-25 09:08:48,Extra data 76330
18,1002,11336002,channel_5,https://example.com/141,2025-03-26 10:16:48,Extra data 44394
1,1039,22792859,channel_4,https://example.com/352,2025-04-09 22:18:48,Extra data 23364
3,1093,15873408,channel_5,https://example.com/815,2025-03-24 19:28:48,Extra data 11993
20,1059,16795158,channel_5,https://example.com/279,2025-04-05 03:37:48,Extra data 55737
10,1042,18963871,channel_4,https://example.com/109,2025-03-22 01:45:48,Extra data 47327
9,1055,48661672,channel_1,https://example.com/203,2025-03-31 11:57:48,Extra data 57986
12,1065,8812419,channel_2,https://example.com/923,2025-04-01 03:50:48,Extra data 46095
5,1016,9942509,channel_4,https://example.com/33,2025-03-23 20:43:48,Extra data 72308
19,1075,16798533,channel_5,https://example.com/527,2025-04-12 20:56:48,Extra data 69836
16,1040,39544510,channel_1,https://example.com/916,2025-03-14 07:21:48,Extra data 16701
20,1041,10667899,channel_2,https://example.com/859,2025-04-02 19:29:48,Extra data 80760
4,1058,1412253,channel_4,https://example.com/216,2025-03-31 06:00:48,Extra data 38745
17,1001,21840778,channel_5,https://example.com/915,2025-03-27 13:36:48,Extra data 21405
15,1071,46216046,channel_3,https://example.com/583,2025-03-21 23:47:48,Extra data 71213
10,1090,46099025,channel_5,https://example.com/793,2025-03-31 11:25:48,Extra data 84101
6,1059,13747621,channel_5,https://example.com/66,2025-04-11 04:54:48,Extra data 35446
3,1007,17022019,channel_5,https://example.com/771,2025-03-22 09:54:48,Extra data 30487
15,1075,48346805,channel_3,https://example.com/174,2025-03-19 23:07:48,Extra data 73981
10,1054,39016222,channel_1,https://example.com/619,2025-03-16 08:59:48,Extra data 79317
13,1023,37438958,channel_4,https://example.com/56,2025-03-22 18:11:48,Extra data 94769
3,1006,34324853,channel_3,https://example.com/248,2025-04-01 15:41:48,Extra data 79203
9,1021,13417050,channel_2,https://example.com/184,2025-03-28 15:57:48,Extra data 5344
11,1017,22022630,channel_5,https://example.com/58,2025-03-31 14:32:48,Extra data 26953
7,1010,2191183,channel_5,https://example.com/621,2025-03-24 02:14:48,Extra data 89929
8,1063,24669333,channel_2,https://example.com/709,2025-03-17 17:48:48,Extra data 63282
14,1088,35580636,channel_5,https://example.com/62,2025-03-13 17:37:48,Extra data 72632
4,1091,48776054,channel_4,https://example.com/885,2025-03-15 12:11:48,Extra data 76676
8,1061,23039630,channel_3,https://example.com/344,2025-04-08 09:57:48,Extra data 55303
9,1009,34860107,channel_4,https://example.com/456,2025-03-23 05:25:48,Extra data 28905
11,1063,12295400,channel_1,https://example.com/169,2025-04-02 22:02:48,Extra data 10136
19,1002,14814751,channel_1,https://example.com/233,2025-03-14 05:58:48,Extra data 56998
15,1033,6029009,channel_4,https://example.com/328,2025-03-19 11:13:48,Extra data 24859
8,1042,18052085,channel_5,https://example.com/10,2025-04-11 04:04:48,Extra data 7370
18,1064,39846124,channel_2,https://example.com/757,2025-03-24 12:25:48,Extra data 99657
16,1040,25404797,channel_2,https://example.com/629,2025-03-27 11:20:48,Extra data 3064
17,1058,38409858,channel_1,https://example.com/869,2025-03-15 17:43:48,Extra data 80688
18,1016,45764452,channel_1,https://example.com/31,2025-03-14 23:37:48,Extra data 42753
6,1087,1845172,channel_1,https://example.com/515,2025-04-12 22:26:48,Extra data 50366
4,1087,31401841,channel_1,https://example.com/423,2025-04-06 21:13:48,Extra data 36411
17,1080,47292294,channel_3,https://example.com/301,2025-03-29 12:05:48,Extra data 20006
10,1027,26458572,channel_3,https://example.com/720,2025-03-17 06:48:48,Extra data 80594
16,1038,47925053,channel_4,https://example.com/687,2025-04-02 11:30:48,Extra data 53353
17,1053,10724595,channel_4,https://example.com/526,2025-04-02 17:08:48,Extra data 99296
18,1056,22405243,channel_4,https://example.com/869,2025-03-19 04:30:48,Extra data 72844
4,1058,30385978,channel_2,https://example.com/650,2025-04-07 17:17:48,Extra data 23671
20,1075,9192947,channel_3,https://example.com/73,2025-03-23 18:09:48,Extra data 14995
16,1039,43476783,channel_5,https://example.com/771,2025-04-03 10:02:48,Extra data 46938
14,1092,6006010,channel_5,https://example.com/948,2025-03-14 06:24:48,Extra data 39462
2,1039,35169593,channel_1,https://example.com/542,2025-03-31 06:43:48,Extra data 27627
4,1014,9420088,channel_1,https://example.com/176,2025-04-06 13:25:48,Extra data 33123
2,1046,32935293,channel_2,https://example.com/728,2025-03-26 14:03:48,Extra data 10368
14,1009,29895980,channel_5,https://example.com/858,2025-03-14 11:26:48,Extra data 42212
3,1050,49522211,channel_1,https://example.com/294,2025-03-28 21:29:48,Extra data 11200
13,1019,38205581,channel_5,https://example.com/761,2025-03-30 18:53:48,Extra data 30145
16,1081,47131774,channel_5,https://example.com/327,2025-04-03 18:59:48,Extra data 84768
10,1015,44748863,channel_5,https://example.com/750,2025-04-03 12:57:48,Extra data 1670
11,1030,26072139,channel_4,https://example.com/574,2025-04-05 21:42:48,Extra data 9137
4,1003,44004101,channel_2,https://example.com/633,2025-04-03 21:46:48,Extra data 60420
9,1009,49606747,channel_1,https://example.com/931,2025-03-13 22:57:48,Extra data 41995
7,1091,7221592,channel_1,https://example.com/740,2025-03-28 03:09:48,Extra data 81238
6,1045,39456074,channel_1,https://example.com/238,2025-03-20 03:17:48,Extra data 55203
5,1094,36999453,channel_2,https://example.com/858,2025-04-02 23:54:48,Extra data 7045
7,1056,15427866,channel_5,https://example.com/209,2025-04-06 13:41:48,Extra data 88977
19,1065,47131800,channel_4,https://example.com/920,2025-03-18 14:40:48,Extra data 24954
5,1046,27500036,channel_2,https://example.com/145,2025-03-26 16:27:48,Extra data 44575
15,1041,12340778,channel_5,https://example.com/490,2025-04-05 01:40:48,Extra data 4466
13,1076,41384559,channel_4,https://example.com/185,2025-04-09 19:31:48,Extra data 97502
6,1027,7668434,channel_1,https://example.com/64,2025-03-14 21:30:48,Extra data 13826
2,1090,39201444,channel_1,https://example.com/400,2025-03-20 06:46:48,Extra data 31839
9,1016,31412791,channel_3,https://example.com/776,2025-03-30 14:15:48,Extra data 49250
12,1057,33111675,channel_4,https://example.com/158,2025-03-16 21:38:48,Extra data 76618
12,1014,18447963,channel_4,https://example.com/637,2025-04-06 05:27:48,Extra data 23822
9,1084,36078470,channel_3,https://example.com/379,2025-03-18 16:28:48,Extra data 15339
17,1018,2343694,channel_1,https://example.com/984,2025-03-15 11:53:48,Extra data 21526
1,1001,12273990,channel_3,https://example.com/783,2025-03-29 06:36:48,Extra data 30947
3,1008,19820003,channel_5,https://example.com/315,2025-04-04 04:35:48,Extra data 92797
11,1027,20612731,channel_3,https://example.com/609,2025-04-12 11:54:48,Extra data 28089
18,1064,26201472,channel_4,https://example.com/325,2025-03-26 05:23:48,Extra data 63865
2,1038,18182349,channel_2,https://example.com/563,2025-04-02 10:28:48,Extra data 25649
10,1057,38171543,channel_2,https://example.com/129,2025-04-04 19:25:48,Extra data 5069
6,1075,3064009,channel_3,https://example.com/590,2025-04-09 02:58:48,Extra data 61778
8,1005,23935623,channel_5,https://example.com/37,2025-04-08 19:53:48,Extra data 33345
12,1082,41241306,channel_2,https://example.com/192,2025-04-04 15:22:48,Extra data 54594
10,1008,15851818,channel_5,https://example.com/706,2025-03-18 11:23:48,Extra data 21020
2,1018,26922091,channel_1,https://example.com/794,2025-03-22 08:37:48,Extra data 57441
18,1027,23152784,channel_4,https://example.com/151,2025-04-10 22:51:48,Extra data 77974
17,1022,19993029,channel_4,https://example.com/363,2025-04-12 20:24:48,Extra data 63977
15,1059,38313505,channel_1,https://example.com/435,2025-04-12 09:37:48,Extra data 70100
1,1040,41296573,channel_1,https://example.com/521,2025-04-12 15:55:48,Extra data 26274
4,1077,18514916,channel_4,https://example.com/747,2025-04-06 09:26:48,Extra data 16353
19,1012,6679996,channel_2,https://example.com/413,2025-04-09 10:30:48,Extra data 67362
18,1078,26142168,channel_5,https://example.com/261,2025-04-03 16:02:48,Extra data 8281
7,1067,40807791,channel_3,https://example.com/423,2025-04-03 16:37:48,Extra data 93208
16,1035,1571258,channel_4,https://example.com/829,2025-03-31 10:49:48,Extra data 53249
19,1006,2230284,channel_2,https://example.com/219,2025-04-10 04:20:48,Extra data 26734
9,1041,42852659,channel_4,https://example.com/380,2025-03-28 00:11:48,Extra data 16298
11,1007,4879539,channel_5,https://example.com/70,2025-03-21 20:13:48,Extra data 11523
19,1029,48573235,channel_1,https://example.com/963,2025-03-17 22:43:48,Extra data 8390
4,1057,45774487,channel_1,https://example.com/929,2025-04-13 15:37:48,Extra data 61249
16,1088,10012053,channel_3,https://example.com/718,2025-03-29 05:42:48,Extra data 12339
20,1034,33377124,channel_1,https://example.com/583,2025-04-08 07:42:48,Extra data 79297
8,1055,9509282,channel_4,https://example.com/679,2025-03-26 20:12:48,Extra data 24935
2,1012,16573279,channel_4,https://example.com/884,2025-03-18 21:50:48,Extra data 71360
12,1048,42492582,channel_5,https://example.com/25,2025-04-01 04:49:48,Extra data 16301
1,1071,45869055,channel_3,https://example.com/967,2025-03-30 15:04:48,Extra data 44449
2,1006,42208815,channel_4,https://example.com/180,2025-03-29 17:08:48,Extra data 16172
4,1049,20983560,channel_4,https://example.com/560,2025-04-01 23:47:48,Extra data 43131
7,1011,18410055,channel_3,https://example.com/803,2025-03-19 13:35:48,Extra data 57755
20,1054,32798585,channel_2,https://example.com/399,2025-04-02 02:09:48,Extra data 50062
18,1070,31423391,channel_1,https://example.com/336,2025-04-11 19:28:48,Extra data 99828
6,1060,24062935,channel_3,https://example.com/277,2025-03-28 02:42:48,Extra data 41634
16,1009,45426935,channel_1,https://example.com/600,2025-04-06 01:22:48,Extra data 52995
6,1042,43368229,channel_5,https://example.com/421,2025-04-13 09:49:48,Extra data 85221
10,1071,5881026,channel_3,https://example.com/984,2025-04-05 07:47:48,Extra data 58868
20,1059,47382203,channel_2,https://example.com/927,2025-04-05 07:09:48,Extra data 84300
9,1021,43925754,channel_4,https://example.com/616,2025-04-12 22:37:48,Extra data 78841
14,1025,19733120,channel_2,https://example.com/891,2025-03-25 03:31:48,Extra data 93367
2,1011,40158017,channel_1,https://example.com/962,2025-03-20 19:32:48,Extra data 23785
13,1041,6611777,channel_5,https://example.com/695,2025-04-04 14:51:48,Extra data 26740
10,1013,20813476,channel_3,https://example.com/113,2025-04-12 13:35:48,Extra data 51895
3,1086,36207271,channel_2,https://example.com/740,2025-03-26 11:19:48,Extra data 58837
15,1056,28205594,channel_2,https://example.com/51,2025-04-03 16:08:48,Extra data 32365
19,1032,29052293,channel_4,https://example.com/931,2025-04-07 18:10:48,Extra data 83256
11,1038,19356101,channel_3,https://example.com/835,2025-03-19 20:31:48,Extra data 14919
16,1013,35619000,channel_1,https://example.com/532,2025-03-21 19:25:48,Extra data 61239
12,1022,14158404,channel_2,https://example.com/710,2025-03-22 16:34:48,Extra data 62984
1,1057,37544575,channel_1,https://example.com/548,2025-03-29 13:04:48,Extra data 96161
14,1094,40322263,channel_5,https://example.com/709,2025-03-19 15:40:48,Extra data 75465
4,1082,13203045,channel_2,https://example.com/3,2025-03-30 07:33:48,Extra data 66997
8,1014,10361327,channel_4,https://example.com/641,2025-03-25 14:14:48,Extra data 39508
20,1029,40746301,channel_1,https://example.com/758,2025-04-06 22:58:48,Extra data 55798
6,1034,5459085,channel_1,https://example.com/422,2025-03-17 02:45:48,Extra data 51722
18,1091,5260586,channel_4,https://example.com/131,2025-04-03 16:47:48,Extra data 97445
7,1056,8034583,channel_2,https://example.com/921,2025-03-18 07:09:48,Extra data 5089
5,1082,27250626,channel_3,https://example.com/922,2025-03-22 03:23:48,Extra data 42117
18,1038,15508602,channel_5,https://example.com/58,2025-04-13 09:35:48,Extra data 3877
6,1065,41880188,channel_5,https://example.com/319,2025-04-12 14:43:48,Extra data 12746
10,1043,41138248,channel_3,https://example.com/315,2025-04-12 09:59:48,Extra data 62982
8,1021,47927446,channel_2,https://example.com/563,2025-04-08 17:51:48,Extra data 62398
10,1088,3447807,channel_4,https://example.com/246,2025-04-11 16:25:48,Extra data 1273
19,1013,27078145,channel_1,https://example.com/251,2025-04-01 02:25:48,Extra data 25677
5,1001,17719005,channel_1,https://example.com/277,2025-04-12 18:03:48,Extra data 61171
19,1036,41895366,channel_2,https://example.com/435,2025-03-31 00:13:48,Extra data 31551
17,1095,19796507,channel_5,https://example.com/51,2025-04-07 06:31:48,Extra data 45812
10,1066,13516338,channel_1,https://example.com/206,2025-03-21 17:26:48,Extra data 87765
3,1031,47096601,channel_3,https://example.com/723,2025-03-21 19:16:48,Extra data 13027
2,1023,30651589,channel_2,https://example.com/498,2025-03-25 16:32:48,Extra data 79472
3,1008,39036004,channel_1,https://example.com/36,2025-04-01 18:39:48,Extra data 41575
13,1044,3003227,channel_2,https://example.com/939,2025-04-10 11:54:48,Extra data 37623
16,1074,19293245,channel_1,https://example.com/177,2025-04-12 03:25:48,Extra data 4848
3,1035,30066035,channel_5,https://example.com/864,2025-04-10 05:06:48,Extra data 62516
16,1069,32437307,channel_5,https://example.com/846,2025-03-19 09:24:48,Extra data 5420
5,1064,37654857,channel_5,https://example.com/301,2025-04-03 06:26:48,Extra data 60233
4,1013,16097628,channel_3,https://example.com/65,2025-03-25 07:12:48,Extra data 53148
18,1014,6487095,channel_2,https://example.com/989,2025-03-15 04:25:48,Extra data 13039
17,1070,42820841,channel_5,https://example.com/423,2025-04-10 07:55:48,Extra data 92730
15,1021,1055472,channel_4,https://example.com/32,2025-03-15 07:28:48,Extra data 90742
5,1011,4835997,channel_4,https://example.com/983,2025-03-22 06:56:48,Extra data 56514
13,1022,9256909,channel_5,https://example.com/845,2025-03-31 07:15:48,Extra data 37126
18,1014,31837510,channel_2,https://example.com/466,2025-03-30 16:52:48,Extra data 80803
3,1001,2182454,channel_4,https://example.com/229,2025-03-29 03:27:48,Extra data 80391
14,1003,3094281,channel_1,https://example.com/642,2025-04-12 09:17:48,Extra data 14157
6,1055,47772051,channel_1,https://example.com/505,2025-03-23 12:35:48,Extra data 75435
5,1035,22924251,channel_1,https://example.com/862,2025-04-02 22:42:48,Extra data 50103
7,1065,44712207,channel_4,https://example.com/973,2025-03-22 09:50:48,Extra data 72735
3,1066,16756840,channel_5,https://example.com/14,2025-03-26 07:10:48,Extra data 63457
8,1100,26649002,channel_2,https://example.com/928,2025-04-08 09:18:48,Extra data 22346
3,1030,33885344,channel_1,https://example.com/109,2025-04-08 16:25:48,Extra data 3383
4,1029,32890487,channel_1,https://example.com/494,2025-03-15 23:22:48,Extra data 58381
10,1029,4482745,channel_3,https://example.com/674,2025-03-28 09:13:48,Extra data 37251
18,1073,31840056,channel_2,https://example.com/614,2025-04-03 10:55:48,Extra data 94919
3,1047,47807852,channel_2,https://example.com/231,2025-04-06 17:17:48,Extra data 20568
20,1030,47783374,channel_3,https://example.com/255,2025-03-17 18:07:48,Extra data 32619
1,1039,45007366,channel_5,https://example.com/98,2025-03-20 16:57:48,Extra data 66141
8,1098,15687974,channel_3,https://example.com/833,2025-04-13 11:12:48,Extra data 60803
12,1062,20744401,channel_5,https://example.com/681,2025-03-30 18:06:48,Extra data 55350
19,1072,12832312,channel_1,https://example.com/908,2025-03-15 11:15:48,Extra data 65468
17,1007,47062045,channel_1,https://example.com/319,2025-03-19 16:48:48,Extra data 48309
8,1096,15596135,channel_3,https://example.com/177,2025-03-19 15:20:48,Extra data 28454
10,1064,32027078,channel_2,https://example.com/963,2025-03-21 15:40:48,Extra data 51221
14,1094,35321931,channel_2,https://example.com/496,2025-03-25 00:14:48,Extra data 62648
4,1033,35942997,channel_1,https://example.com/765,2025-03-28 16:24:48,Extra data 45039
18,1086,5377817,channel_4,https://example.com/568,2025-04-11 23:05:48,Extra data 2925
14,1004,11736071,channel_5,https://example.com/49,2025-04-13 07:05:48,Extra data 6991
4,1051,42266895,channel_3,https://example.com/885,2025-04-10 18:10:48,Extra data 78239
17,1087,34179353,channel_1,https://example.com/968,2025-03-18 10:13:48,Extra data 5430
9,1076,38606648,channel_5,https://example.com/166,2025-04-09 06:04:48,Extra data 44823
8,1076,4917257,channel_2,https://example.com/232,2025-04-03 10:55:48,Extra data 83686
7,1020,45290437,channel_2,https://example.com/511,2025-03-17 05:44:48,Extra data 80300
10,1087,12456769,channel_5,https://example.com/981,2025-04-13 07:23:48,Extra data 32463
17,1012,46441018,channel_1,https://example.com/498,2025-03-15 21:11:48,Extra data 43523
9,1098,12750308,channel_3,https://example.com/434,2025-03-13 17:24:48,Extra data 83561
1,1078,43258653,channel_5,https://example.com/364,2025-03-15 23:59:48,Extra data 52239
6,1027,34143302,channel_4,https://example.com/109,2025-03-28 06:19:48,Extra data 38815
19,1083,17963636,channel_3,https://example.com/281,2025-03-19 09:22:48,Extra data 39507
9,1039,3554919,channel_4,https://example.com/846,2025-03-22 15:16:48,Extra data 28897
11,1005,6318282,channel_4,https://example.com/556,2025-03-15 03:03:48,Extra data 80240
2,1004,31756145,channel_5,https://example.com/662,2025-04-10 08:41:48,Extra data 74903
3,1098,4424042,channel_3,https://example.com/463,2025-04-11 06:34:48,Extra data 15878
3,1095,43209492,channel_4,https://example.com/823,2025-03-26 16:01:48,Extra data 94864
20,1083,40123617,channel_5,https://example.com/517,2025-04-03 07:01:48,Extra data 55109
13,1083,41129005,channel_2,https://example.com/606,2025-03-21 21:14:48,Extra data 42527
20,1034,31643609,channel_1,https://example.com/270,2025-04-06 05:03:48,Extra data 717
11,1059,5625842,channel_5,https://example.com/189,2025-04-04 19:21:48,Extra data 70667
2,1036,1634775,channel_3,https://example.com/834,2025-04-11 20:28:48,Extra data 23993
14,1075,29283332,channel_4,https://example.com/677,2025-04-10 16:29:48,Extra data 25477
6,1085,45429174,channel_4,https://example.com/369,2025-04-11 14:42:48,Extra data 17173
17,1092,33188863,channel_3,https://example.com/585,2025-04-08 10:44:48,Extra data 99479
2,1034,43867997,channel_3,https://example.com/176,2025-03-16 16:13:48,Extra data 33468
15,1087,8276199,channel_1,https://example.com/343,2025-03-20 17:47:48,Extra data 62330
11,1093,36580484,channel_5,https://example.com/270,2025-03-23 14:27:48,Extra data 49418
12,1003,8176602,channel_1,https://example.com/388,2025-04-11 04:42:48,Extra data 53697
16,1065,3461202,channel_2,https://example.com/947,2025-04-04 17:45:48,Extra data 50472
17,1025,34644137,channel_2,https://example.com/344,2025-03-27 21:40:48,Extra data 96006
1,1085,4132175,channel_3,https://example.com/616,2025-04-01 22:47:48,Extra data 30032
18,1083,43047951,channel_5,https://example.com/638,2025-03-24 03:35:48,Extra data 13776
11,1069,18328919,channel_5,https://example.com/341,2025-03-17 20:58:48,Extra data 8678
15,1090,17024886,channel_4,https://example.com/452,2025-03-15 05:16:48,Extra data 49667
6,1100,39502403,channel_5,https://example.com/967,2025-04-06 20:49:48,Extra data 43649
6,1024,5077917,channel_3,https://example.com/267,2025-04-06 14:30:48,Extra data 46177
7,1040,27037530,channel_2,https://example.com/619,2025-04-07 00:58:48,Extra data 68619
5,1100,9154834,channel_2,https://example.com/238,2025-03-15 21:10:48,Extra data 72159
7,1082,21885864,channel_1,https://example.com/975,2025-03-27 14:38:48,Extra data 45243
19,1091,6444656,channel_4,https://example.com/7,2025-03-18 09:29:48,Extra data 28932
12,1047,18403107,channel_3,https://example.com/30,2025-03-25 18:49:48,Extra data 36444
18,1086,7136416,channel_1,https://example.com/666,2025-03-20 13:07:48,Extra data 17184
4,1085,33835991,channel_2,https://example.com/13,2025-04-01 01:44:48,Extra data 34962
14,1075,35866443,channel_5,https://example.com/959,2025-03-22 14:40:48,Extra data 68229
7,1056,31981607,channel_3,https://example.com/234,2025-03-29 13:45:48,Extra data 18330
2,1096,14956731,channel_2,https://example.com/441,2025-04-05 16:45:48,Extra data 40842
20,1053,21246699,channel_5,https://example.com/715,2025-03-21 16:27:48,Extra data 7380
13,1044,3516508,channel_4,https://example.com/455,2025-03-26 12:53:48,Extra data 10027
8,1004,32107706,channel_2,https://example.com/530,2025-03-15 15:52:48,Extra data 62196
6,1001,43365234,channel_4,https://example.com/93,2025-03-20 07:49:48,Extra data 47187
10,1071,17633847,channel_2,https://example.com/896,2025-04-05 05:02:48,Extra data 40731
8,1057,45675450,channel_1,https://example.com/665,2025-03-17 12:09:48,Extra data 28489
18,1097,35589097,channel_1,https://example.com/235,2025-03-30 20:06:48,Extra data 763
16,1041,3660310,channel_3,https://example.com/27,2025-03-24 10:12:48,Extra data 61732
1,1037,32405405,channel_1,https://example.com/511,2025-03-24 10:40:48,Extra data 92294
1,1060,25688756,channel_1,https://example.com/738,2025-04-04 12:39:48,Extra data 91223
2,1073,21201969,channel_5,https://example.com/207,2025-03-21 08:29:48,Extra data 47997
3,1009,45970899,channel_2,https://example.com/768,2025-03-31 05:29:48,Extra data 57718
5,1031,20914070,channel_1,https://example.com/272,2025-04-12 23:06:48,Extra data 7309
6,1055,2197110,channel_1,https://example.com/687,2025-04-09 06:49:48,Extra data 9264
8,1073,24911409,channel_1,https://example.com/327,2025-04-02 00:11:48,Extra data 48065
13,1061,35139876,channel_3,https://example.com/22,2025-04-10 00:18:48,Extra data 34101
20,1075,27553640,channel_2,https://example.com/674,2025-03-16 21:32:48,Extra data 5890
12,1026,35794418,channel_4,https://example.com/600,2025-03-20 22:46:48,Extra data 74261
2,1061,26982126,channel_3,https://example.com/673,2025-03-18 13:39:48,Extra data 98157
9,1074,18248590,channel_4,https://example.com/810,2025-04-02 21:16:48,Extra data 2279
20,1057,16368110,channel_2,https://example.com/724,2025-03-25 11:21:48,Extra data 71205
19,1014,10449839,channel_5,https://example.com/35,2025-04-06 01:06:48,Extra data 31115
10,1053,9632259,channel_2,https://example.com/591,2025-03-15 03:27:48,Extra data 57655
6,1061,29738939,channel_5,https://example.com/927,2025-03-23 17:21:48,Extra data 94684
11,1084,28337089,channel_1,https://example.com/2,2025-04-13 02:29:48,Extra data 72016
19,1051,9450689,channel_3,https://example.com/551,2025-03-24 21:28:48,Extra data 42380
5,1035,33246724,channel_2,https://example.com/943,2025-04-07 07:07:48,Extra data 97323
11,1099,23794495,channel_2,https://example.com/502,2025-03-14 20:33:48,Extra data 59457
1,1049,49272351,channel_3,https://example.com/632,2025-04-03 01:51:48,Extra data 56448
7,1011,31724312,channel_3,https://example.com/830,2025-04-10 12:02:48,Extra data 23682
14,1094,14248543,channel_4,https://example.com/585,2025-03-21 08:33:48,Extra data 23814
10,1067,45213975,channel_3,https://example.com/958,2025-03-23 01:16:48,Extra data 82840
17,1050,22132155,channel_5,https://example.com/722,2025-04-11 09:10:48,Extra data 60332
4,1007,30593297,channel_2,https://example.com/717,2025-03-16 13:53:48,Extra data 55025
18,1088,12827197,channel_2,https://example.com/782,2025-04-10 16:38:48,Extra data 33555
8,1039,30055854,channel_2,https://example.com/796,2025-04-02 06:26:48,Extra data 48323
18,1071,32268992,channel_5,https://example.com/241,2025-03-18 12:00:48,Extra data 23379
15,1016,21549426,channel_2,https://example.com/306,2025-03-31 19:47:48,Extra data 18428
11,1047,10093694,channel_2,https://example.com/730,2025-03-22 04:48:48,Extra data 14771
9,1011,38128589,channel_4,https://example.com/896,2025-03-29 17:03:48,Extra data 94491
3,1003,21250634,channel_5,https://example.com/671,2025-03-15 18:17:48,Extra data 66893
7,1061,26111447,channel_1,https://example.com/855,2025-04-06 18:20:48,Extra data 57761
17,1034,34796168,channel_4,https://example.com/682,2025-04-12 00:24:48,Extra data 47187
12,1025,16274307,channel_2,https://example.com/896,2025-03-28 10:38:48,Extra data 90213
17,1047,32653178,channel_4,https://example.com/574,2025-03-17 11:47:48,Extra data 8816
2,1020,30467775,channel_1,https://example.com/666,2025-04-01 16:03:48,Extra data 96799
1,1039,49055717,channel_3,https://example.com/306,2025-03-30 02:27:48,Extra data 82803
7,1029,11844581,channel_5,https://example.com/971,2025-04-11 20:14:48,Extra data 72974
1,1080,25848361,channel_2,https://example.com/742,2025-03-18 06:37:48,Extra data 25587
18,1093,32167072,channel_1,https://example.com/729,2025-04-11 02:51:48,Extra data 1340
15,1059,37471686,channel_2,https://example.com/413,2025-04-13 09:59:48,Extra data 36713
15,1032,33343349,channel_2,https://example.com/953,2025-04-04 04:23:48,Extra data 26482
18,1007,26576801,channel_5,https://example.com/163,2025-04-05 18:59:48,Extra data 54607
13,1082,32122732,channel_1,https://example.com/128,2025-03-25 21:17:48,Extra data 95435
15,1064,16175661,channel_5,https://example.com/89,2025-04-11 19:34:48,Extra data 42122
4,1014,49683968,channel_1,https://example.com/903,2025-04-05 21:37:48,Extra data 47270
9,1079,38786454,channel_2,https://example.com/366,2025-03-30 12:53:48,Extra data 7515
11,1004,8243081,channel_4,https://example.com/824,2025-04-07 05:14:48,Extra data 18682
2,1057,49365450,channel_2,https://example.com/592,2025-04-12 12:41:48,Extra data 80101
4,1098,1011859,channel_1,https://example.com/435,2025-04-04 11:02:48,Extra data 97598
20,1035,26669454,channel_1,https://example.com/877,2025-04-07 01:32:48,Extra data 95640
13,1073,33115643,channel_5,https://example.com/155,2025-04-05 19:09:48,Extra data 47129
17,1056,32969024,channel_1,https://example.com/682,2025-04-12 05:57:48,Extra data 10500
6,1020,34483056,channel_4,https://example.com/503,2025-03-14 18:21:48,Extra data 26816
19,1099,22694160,channel_2,https://example.com/114,2025-04-10 16:48:48,Extra data 57241
2,1021,15492581,channel_2,https://example.com/123,2025-04-02 17:01:48,Extra data 16095
18,1002,20451543,channel_3,https://example.com/100,2025-03-17 09:30:48,Extra data 15604
1,1015,11538313,channel_4,https://example.com/204,2025-03-31 23:08:48,Extra data 61128
4,1013,24587655,channel_5,https://example.com/520,2025-04-07 22:14:48,Extra data 21653
3,1043,22542870,channel_1,https://example.com/223,2025-03-24 15:06:48,Extra data 82139
12,1000,28245378,channel_3,https://example.com/775,2025-03-14 06:37:48,Extra data 47665
11,1022,22693161,channel_5,https://example.com/630,2025-03-30 10:31:48,Extra data 60624
17,1003,42606542,channel_3,https://example.com/295,2025-04-03 12:14:48,Extra data 70458
19,1027,47936730,channel_1,https://example.com/562,2025-03-28 15:41:48,Extra data 16510
8,1056,2261800,channel_2,https://example.com/521,2025-03-20 11:04:48,Extra data 54251
14,1031,30384580,channel_1,https://example.com/501,2025-04-09 16:00:48,Extra data 22946
5,1069,4826336,channel_1,https://example.com/794,2025-04-11 08:15:48,Extra data 12284
17,1056,12085314,channel_2,https://example.com/449,2025-04-07 03:48:48,Extra data 79652
2,1062,34670480,channel_2,https://example.com/765,2025-04-02 21:37:48,Extra data 72136
9,1026,30784032,channel_3,https://example.com/814,2025-04-05 09:59:48,Extra data 47040
15,1031,25382396,channel_5,https://example.com/931,2025-03-17 21:25:48,Extra data 2220
9,1084,18029333,channel_5,https://example.com/543,2025-03-15 03:53:48,Extra data 50073
11,1005,18968382,channel_5,https://example.com/785,2025-04-03 05:39:48,Extra data 26171
11,1045,34714333,channel_3,https://example.com/37,2025-04-05 05:22:48,Extra data 45062
1,1069,23672510,channel_2,https://example.com/850,2025-03-29 03:46:48,Extra data 47310
9,1035,2068445,channel_2,https://example.com/150,2025-03-22 17:02:48,Extra data 18131
11,1001,6635197,channel_4,https://example.com/988,2025-03-22 06:44:48,Extra data 9106
4,1009,26464278,channel_4,https://example.com/115,2025-04-03 20:33:48,Extra data 9751
4,1064,33824556,channel_5,https://example.com/48,2025-04-12 22:35:48,Extra data 23362
5,1032,5690128,channel_5,https://example.com/375,2025-03-27 17:25:48,Extra data 42923
12,1018,34173342,channel_4,https://example.com/857,2025-03-23 05:19:48,Extra data 58291
11,1092,32192432,channel_4,https://example.com/781,2025-04-02 16:42:48,Extra data 43659
14,1053,8838905,channel_1,https://example.com/386,2025-04-01 02:33:48,Extra data 45930
14,1095,42068258,channel_5,https://example.com/124,2025-04-01 00:02:48,Extra data 31962
12,1093,14061532,channel_3,https://example.com/560,2025-03-31 13:18:48,Extra data 71775
19,1068,2212265,channel_5,https://example.com/22,2025-04-05 22:08:48,Extra data 66222
16,1000,6988188,channel_1,https://example.com/366,2025-03-14 04:25:48,Extra data 95303
15,1085,48052141,channel_1,https://example.com/717,2025-03-24 05:04:48,Extra data 84773
13,1077,39244688,channel_2,https://example.com/111,2025-04-12 02:52:48,Extra data 13539
6,1036,19093770,channel_1,https://example.com/833,2025-04-08 13:13:48,Extra data 2779
19,1068,26360076,channel_5,https://example.com/360,2025-03-28 21:02:48,Extra data 43512
15,1034,44721602,channel_4,https://example.com/918,2025-03-23 20:17:48,Extra data 4727
9,1039,34988071,channel_3,https://example.com/531,2025-04-02 06:10:48,Extra data 1601
3,1050,34180826,channel_1,https://example.com/677,2025-04-03 16:44:48,Extra data 79838
17,1052,29135891,channel_1,https://example.com/908,2025-04-11 08:56:48,Extra data 41036
20,1088,37964828,channel_3,https://example.com/600,2025-03-18 16:18:48,Extra data 53477
14,1004,22822659,channel_1,https://example.com/476,2025-04-01 15:01:48,Extra data 4513
14,1089,45737596,channel_2,https://example.com/700,2025-04-08 00:17:48,Extra data 16410
15,1046,48343327,channel_3,https://example.com/75,2025-03-27 22:11:48,Extra data 22373
20,1014,42861079,channel_2,https://example.com/435,2025-03-28 00:20:48,Extra data 69836
17,1072,36409528,channel_4,https://example.com/340,2025-03-23 20:37:48,Extra data 95703
2,1084,25437294,channel_1,https://example.com/741,2025-04-06 17:51:48,Extra data 72764
12,1020,1090383,channel_3,https://example.com/485,2025-03-23 20:14:48,Extra data 16671
17,1070,49395313,channel_2,https://example.com/363,2025-04-05 16:25:48,Extra data 6825
3,1025,17103305,channel_3,https://example.com/922,2025-03-27 08:45:48,Extra data 13440
8,1086,37270003,channel_1,https://example.com/859,2025-04-02 12:51:48,Extra data 65605
6,1029,6385746,channel_4,https://example.com/852,2025-04-05 18:01:48,Extra data 64323
19,1062,37113319,channel_1,https://example.com/945,2025-04-06 22:39:48,Extra data 31526
20,1099,34986379,channel_4,https://example.com/770,2025-03-19 00:05:48,Extra data 1123
13,1092,19497035,channel_2,https://example.com/583,2025-04-01 10:03:48,Extra data 58681
1,1012,10842874,channel_4,https://example.com/868,2025-03-30 11:47:48,Extra data 78784
6,1098,32673352,channel_5,https://example.com/119,2025-03-14 13:09:48,Extra data 14144
10,1038,24660608,channel_1,https://example.com/144,2025-04-02 03:19:48,Extra data 69923
11,1029,28112039,channel_2,https://example.com/580,2025-03-23 17:39:48,Extra data 64540
9,1049,29946948,channel_3,https://example.com/359,2025-04-08 03:47:48,Extra data 57361
6,1025,40281510,channel_5,https://example.com/386,2025-04-12 05:24:48,Extra data 93385
19,1082,44479936,channel_3,https://example.com/179,2025-04-04 23:13:48,Extra data 73021
15,1066,15954135,channel_2,https://example.com/107,2025-03-20 03:22:48,Extra data 54153
5,1019,1137516,channel_5,https://example.com/444,2025-04-08 12:55:48,Extra data 7661
11,1100,21663661,channel_2,https://example.com/38,2025-04-01 01:50:48,Extra data 24549
13,1014,19097078,channel_3,https://example.com/751,2025-03-30 10:37:48,Extra data 91723
1,1085,32150508,channel_4,https://example.com/680,2025-03-22 04:14:48,Extra data 57626
19,1002,42561906,channel_5,https://example.com/177,2025-03-18 14:25:48,Extra data 87320
5,1043,1372721,channel_1,https://example.com/275,2025-04-07 19:57:48,Extra data 74870
1,1094,15296209,channel_5,https://example.com/415,2025-04-13 17:14:48,Extra data 74405
15,1016,27768025,channel_2,https://example.com/162,2025-04-10 17:17:48,Extra data 24175
12,1046,49510281,channel_2,https://example.com/415,2025-03-16 01:03:48,Extra data 27021
1,1035,23688976,channel_1,https://example.com/192,2025-03-25 09:22:48,Extra data 76230
1,1059,15888356,channel_1,https://example.com/573,2025-04-05 17:25:48,Extra data 83490
20,1004,27395566,channel_3,https://example.com/210,2025-03-19 00:51:48,Extra data 55232
1,1075,30958944,channel_1,https://example.com/32,2025-04-04 17:23:48,Extra data 15099
11,1003,26875430,channel_2,https://example.com/868,2025-03-29 01:26:48,Extra data 62686
15,1072,14774411,channel_3,https://example.com/899,2025-03-26 07:42:48,Extra data 3109
12,1006,30776429,channel_3,https://example.com/450,2025-04-04 20:08:48,Extra data 74340
15,1074,13477571,channel_5,https://example.com/707,2025-04-06 05:13:48,Extra data 82081
2,1089,18095083,channel_2,https://example.com/199,2025-03-26 03:47:48,Extra data 13357
1,1058,49808022,channel_5,https://example.com/160,2025-04-07 06:36:48,Extra data 65990
16,1089,44086772,channel_5,https://example.com/358,2025-03-29 14:18:48,Extra data 54319
10,1069,13366621,channel_5,https://example.com/410,2025-04-12 01:30:48,Extra data 54057
1,1099,18014023,channel_2,https://example.com/394,2025-04-13 16:05:48,Extra data 29587
14,1086,42971646,channel_1,https://example.com/46,2025-03-13 17:35:48,Extra data 27935
16,1076,16229133,channel_2,https://example.com/882,2025-03-16 21:54:48,Extra data 66613
15,1066,4629307,channel_3,https://example.com/517,2025-03-31 06:44:48,Extra data 72364
1,1073,28598370,channel_5,https://example.com/38,2025-03-15 20:23:48,Extra data 95519
2,1013,16500736,channel_3,https://example.com/383,2025-03-19 06:29:48,Extra data 53022
19,1087,12385005,channel_5,https://example.com/791,2025-03-27 00:40:48,Extra data 33421
18,1092,30501706,channel_2,https://example.com/883,2025-04-06 03:45:48,Extra data 22887
19,1042,44312989,channel_5,https://example.com/815,2025-03-24 10:10:48,Extra data 80861
4,1030,20351380,channel_2,https://example.com/920,2025-03-18 05:32:48,Extra data 22149
5,1027,25177073,channel_1,https://example.com/189,2025-04-10 09:27:48,Extra data 9156
12,1079,44992552,channel_3,https://example.com/186,2025-04-09 19:13:48,Extra data 29626
10,1093,19370142,channel_4,https://example.com/699,2025-04-13 08:36:48,Extra data 7892
12,1065,17580442,channel_1,https://example.com/948,2025-04-13 04:08:48,Extra data 56675
16,1018,28310111,channel_2,https://example.com/490,2025-03-27 13:04:48,Extra data 64169
16,1014,38416160,channel_1,https://example.com/561,2025-04-05 23:17:48,Extra data 15931
9,1042,34141498,channel_1,https://example.com/862,2025-04-08 11:15:48,Extra data 66231
15,1093,5461187,channel_2,https://example.com/880,2025-03-16 22:13:48,Extra data 30848
11,1079,35105978,channel_3,https://example.com/758,2025-03-31 18:41:48,Extra data 128
4,1025,14108944,channel_2,https://example.com/542,2025-04-01 17:47:48,Extra data 47919
9,1083,22030574,channel_1,https://example.com/755,2025-04-06 11:09:48,Extra data 58319
8,1054,5211415,channel_5,https://example.com/150,2025-03-22 22:48:48,Extra data 40380
9,1060,27290433,channel_3,https://example.com/538,2025-03-23 12:43:48,Extra data 97370
19,1024,11677577,channel_2,https://example.com/843,2025-04-09 14:00:48,Extra data 7626
8,1039,15560236,channel_4,https://example.com/873,2025-03-22 00:49:48,Extra data 40370
20,1074,49076953,channel_1,https://example.com/901,2025-03-13 21:07:48,Extra data 60438
15,1084,30897626,channel_3,https://example.com/518,2025-04-11 14:43:48,Extra data 80584
16,1094,48869030,channel_5,https://example.com/314,2025-04-07 18:28:48,Extra data 48984
1,1083,48056991,channel_3,https://example.com/652,2025-03-25 19:31:48,Extra data 71137
20,1083,46320665,channel_1,https://example.com/238,2025-03-22 04:34:48,Extra data 69116
12,1010,4997337,channel_2,https://example.com/532,2025-04-02 04:29:48,Extra data 38986
17,1064,43190640,channel_3,https://example.com/27,2025-04-11 14:35:48,Extra data 23171
9,1042,3543130,channel_2,https://example.com/211,2025-03-24 10:25:48,Extra data 11755
4,1057,41025233,channel_2,https://example.com/986,2025-03-21 10:05:48,Extra data 15304
17,1007,43987775,channel_5,https://example.com/199,2025-04-10 12:04:48,Extra data 24048
13,1005,12167496,channel_4,https://example.com/389,2025-03-25 07:26:48,Extra data 63266
2,1045,8311635,channel_4,https://example.com/405,2025-04-11 12:38:48,Extra data 92891
3,1077,49240051,channel_5,https://example.com/930,2025-04-03 18:08:48,Extra data 43069
20,1018,4086893,channel_3,https://example.com/298,2025-03-23 04:32:48,Extra data 64577
8,1010,44746045,channel_4,https://example.com/259,2025-04-02 08:58:48,Extra data 42106
4,1085,15341362,channel_5,https://example.com/703,2025-03-28 20:04:48,Extra data 22784
2,1062,19420374,channel_5,https://example.com/12,2025-03-28 00:17:48,Extra data 7019
8,1009,49924862,channel_1,https://example.com/938,2025-03-19 20:31:48,Extra data 55208
10,1074,45560459,channel_1,https://example.com/918,2025-04-01 22:34:48,Extra data 75401
7,1035,42935274,channel_2,https://example.com/553,2025-03-15 10:43:48,Extra data 63908
12,1083,42689690,channel_4,https://example.com/781,2025-03-16 02:50:48,Extra data 44239
20,1038,14825475,channel_3,https://example.com/793,2025-03-15 10:32:48,Extra data 43566
15,1055,2405567,channel_1,https://example.com/160,2025-04-06 16:12:48,Extra data 2989
16,1008,40857999,channel_1,https://example.com/49,2025-03-26 21:50:48,Extra data 21230
1,1099,12262314,channel_1,https://example.com/843,2025-03-24 12:24:48,Extra data 25196
4,1087,47466106,channel_1,https://example.com/149,2025-03-28 17:06:48,Extra data 8873
17,1060,34318492,channel_4,https://example.com/787,2025-03-18 08:09:48,Extra data 62497
2,1082,37890651,channel_2,https://example.com/242,2025-03-24 03:17:48,Extra data 2322
3,1022,11808199,channel_3,https://example.com/547,2025-04-03 20:39:48,Extra data 78766
2,1033,31087053,channel_1,https://example.com/765,2025-03-24 04:58:48,Extra data 39240
10,1037,36570890,channel_4,https://example.com/563,2025-04-08 23:06:48,Extra data 50522
9,1059,36507145,channel_2,https://example.com/120,2025-04-04 08:13:48,Extra data 4649
20,1050,1036779,channel_3,https://example.com/239,2025-03-31 17:31:48,Extra data 68946
13,1044,49133507,channel_3,https://example.com/47,2025-03-18 13:36:48,Extra data 37002
5,1075,20533522,channel_2,https://example.com/573,2025-03-31 03:00:48,Extra data 38160
16,1091,4534549,channel_1,https://example.com/946,2025-03-15 04:11:48,Extra data 64890
1,1066,20302791,channel_2,https://example.com/177,2025-03-14 15:09:48,Extra data 45761
12,1066,24882109,channel_5,https://example.com/621,2025-04-11 04:53:48,Extra data 80595
16,1049,49290576,channel_4,https://example.com/520,2025-03-28 07:00:48,Extra data 39426
2,1058,39325540,channel_5,https://example.com/947,2025-04-02 02:02:48,Extra data 10312
18,1036,23940142,channel_4,https://example.com/371,2025-04-06 10:31:48,Extra data 56977
4,1056,43692048,channel_3,https://example.com/322,2025-03-25 13:11:48,Extra data 4190
10,1053,43753538,channel_5,https://example.com/558,2025-04-06 21:30:48,Extra data 64334
1,1020,9434656,channel_2,https://example.com/826,2025-03-14 00:44:48,Extra data 99043
18,1052,18618220,channel_2,https://example.com/341,2025-03-28 20:49:48,Extra data 8641
11,1054,43063010,channel_5,https://example.com/130,2025-03-26 04:50:48,Extra data 74191
19,1027,48744977,channel_2,https://example.com/63,2025-04-06 05:23:48,Extra data 28865
13,1049,8637977,channel_3,https://example.com/8,2025-03-29 01:46:48,Extra data 99293
9,1081,44268101,channel_4,https://example.com/323,2025-04-05 20:29:48,Extra data 87271
5,1060,7637736,channel_4,https://example.com/632,2025-03-19 12:10:48,Extra data 33524
13,1078,32735047,channel_4,https://example.com/84,2025-03-29 09:47:48,Extra data 98683
5,1024,3190165,channel_1,https://example.com/485,2025-03-25 05:16:48,Extra data 12809
6,1010,11724688,channel_4,https://example.com/604,2025-04-01 11:07:48,Extra data 2409
4,1035,11637351,channel_1,https://example.com/462,2025-04-02 06:56:48,Extra data 42741
15,1069,40659612,channel_5,https://example.com/995,2025-03-29 07:39:48,Extra data 80606
13,1050,18977785,channel_5,https://example.com/626,2025-03-16 17:35:48,Extra data 27333
11,1074,42171001,channel_5,https://example.com/146,2025-03-19 12:39:48,Extra data 15708
1,1070,40314793,channel_4,https://example.com/908,2025-03-27 11:08:48,Extra data 73810
9,1086,37867097,channel_2,https://example.com/674,2025-03-31 12:48:48,Extra data 63038
6,1014,15059866,channel_1,https://example.com/972,2025-04-04 02:51:48,Extra data 7012
7,1045,26762378,channel_3,https://example.com/802,2025-03-22 22:09:48,Extra data 11632
14,1000,9633863,channel_4,https://example.com/588,2025-03-21 13:13:48,Extra data 75420
2,1018,9054765,channel_1,https://example.com/285,2025-03-29 21:21:48,Extra data 5443
6,1088,38693137,channel_3,https://example.com/616,2025-03-15 00:02:48,Extra data 73270
18,1024,31110088,channel_3,https://example.com/139,2025-03-24 11:24:48,Extra data 60335
6,1019,13284099,channel_3,https://example.com/392,2025-03-22 10:56:48,Extra data 67512
9,1077,8128906,channel_1,https://example.com/951,2025-04-02 13:00:48,Extra data 10603
13,1053,9316996,channel_2,https://example.com/441,2025-03-13 19:40:48,Extra data 74963
6,1067,29723564,channel_4,https://example.com/733,2025-04-09 10:11:48,Extra data 80851
15,1031,33091928,channel_2,https://example.com/263,2025-04-01 05:45:48,Extra data 18682
19,1013,6790331,channel_3,https://example.com/969,2025-04-12 17:18:48,Extra data 47990
12,1056,8731361,channel_2,https://example.com/250,2025-03-14 23:05:48,Extra data 22179
1,1076,45572107,channel_5,https://example.com/455,2025-03-22 10:48:48,Extra data 58457
19,1020,42519732,channel_3,https://example.com/71,2025-04-12 07:31:48,Extra data 77905
1,1015,8530246,channel_1,https://example.com/948,2025-03-20 07:04:48,Extra data 53017
2,1056,22443979,channel_3,https://example.com/277,2025-03-30 12:55:48,Extra data 5698
3,1057,42628558,channel_1,https://example.com/945,2025-04-04 22:33:48,Extra data 88734
18,1092,34537292,channel_2,https://example.com/68,2025-03-25 05:29:48,Extra data 56975
10,1006,31944744,channel_1,https://example.com/957,2025-03-24 03:13:48,Extra data 1317
14,1003,45727494,channel_4,https://example.com/544,2025-04-11 15:22:48,Extra data 95518
7,1087,25210393,channel_5,https://example.com/60,2025-03-22 00:54:48,Extra data 15917
13,1024,31065568,channel_1,https://example.com/214,2025-04-09 12:10:48,Extra data 44145
3,1045,38869754,channel_2,https://example.com/3,2025-03-27 01:09:48,Extra data 85815
12,1070,19057066,channel_3,https://example.com/582,2025-04-13 17:01:48,Extra data 48273
10,1065,11483934,channel_2,https://example.com/571,2025-04-08 22:04:48,Extra data 8238
17,1094,38197489,channel_3,https://example.com/597,2025-03-28 08:23:48,Extra data 31456
10,1002,21380180,channel_2,https://example.com/116,2025-04-01 01:27:48,Extra data 97111
7,1045,6066585,channel_1,https://example.com/437,2025-03-18 17:38:48,Extra data 56746
16,1015,5176616,channel_5,https://example.com/803,2025-03-29 21:09:48,Extra data 12342
1,1094,41851203,channel_4,https://example.com/728,2025-04-08 08:15:48,Extra data 33771
3,1017,23175187,channel_2,https://example.com/670,2025-04-05 06:51:48,Extra data 30124
3,1052,12554086,channel_5,https://example.com/246,2025-04-11 10:02:48,Extra data 18992
14,1015,4881055,channel_4,https://example.com/872,2025-03-21 15:49:48,Extra data 65410
17,1092,26491764,channel_5,https://example.com/389,2025-04-06 00:21:48,Extra data 83573
8,1014,8800138,channel_3,https://example.com/799,2025-03-26 06:59:48,Extra data 27769
12,1052,18063468,channel_4,https://example.com/791,2025-03-28 17:25:48,Extra data 57163
19,1048,43364036,channel_5,https://example.com/172,2025-03-25 05:30:48,Extra data 79188
9,1030,13224241,channel_3,https://example.com/873,2025-04-07 13:58:48,Extra data 60833
1,1040,23298480,channel_5,https://example.com/954,2025-03-14 17:50:48,Extra data 99121
16,1052,16985828,channel_4,https://example.com/471,2025-04-01 03:28:48,Extra data 27877
5,1040,6856611,channel_2,https://example.com/416,2025-03-14 14:54:48,Extra data 15490
5,1000,38825646,channel_4,https://example.com/750,2025-03-20 17:27:48,Extra data 17719
8,1087,22017187,channel_5,https://example.com/1,2025-03-28 17:40:48,Extra data 67115
20,1066,29273033,channel_5,https://example.com/739,2025-03-18 04:30:48,Extra data 60555
20,1092,47508628,channel_1,https://example.com/805,2025-03-30 01:58:48,Extra data 57712
12,1094,24756239,channel_2,https://example.com/124,2025-04-06 16:26:48,Extra data 9858
9,1088,34783230,channel_3,https://example.com/215,2025-03-27 10:26:48,Extra data 10289
14,1023,26413241,channel_2,https://example.com/681,2025-03-24 17:27:48,Extra data 67849
11,1020,39482284,channel_2,https://example.com/330,2025-04-11 18:23:48,Extra data 69102
17,1099,12914669,channel_3,https://example.com/327,2025-03-18 02:56:48,Extra data 70948
13,1006,18369993,channel_2,https://example.com/418,2025-03-29 15:08:48,Extra data 1595
17,1000,43167984,channel_2,https://example.com/675,2025-04-03 01:27:48,Extra data 84671
12,1006,46354839,channel_3,https://example.com/4,2025-03-17 15:19:48,Extra data 13823
5,1013,45505112,channel_4,https://example.com/219,2025-03-28 08:42:48,Extra data 18452
5,1047,26452119,channel_3,https://example.com/658,2025-04-13 15:11:48,Extra data 75831
19,1018,45003587,channel_5,https://example.com/840,2025-04-11 22:03:48,Extra data 18267
20,1055,39974618,channel_2,https://example.com/979,2025-03-19 12:19:48,Extra data 66592
14,1084,40189786,channel_1,https://example.com/579,2025-03-28 18:52:48,Extra data 50250
9,1028,33302306,channel_4,https://example.com/152,2025-04-04 16:10:48,Extra data 32472
9,1024,18614863,channel_2,https://example.com/220,2025-03-15 10:42:48,Extra data 2110
16,1052,42842591,channel_4,https://example.com/968,2025-03-14 02:57:48,Extra data 5293
8,1066,46363308,channel_3,https://example.com/825,2025-04-03 06:16:48,Extra data 24790
13,1044,24435434,channel_5,https://example.com/411,2025-04-11 09:09:48,Extra data 94033
20,1071,2509610,channel_5,https://example.com/655,2025-03-15 05:36:48,Extra data 60830
6,1036,38386737,channel_3,https://example.com/229,2025-04-02 08:08:48,Extra data 95545
1,1016,8054783,channel_1,https://example.com/722,2025-03-30 14:21:48,Extra data 26885
17,1091,35893968,channel_2,https://example.com/386,2025-03-19 13:46:48,Extra data 6646
12,1026,18340499,channel_2,https://example.com/5,2025-03-18 04:26:48,Extra data 85275
17,1048,11391958,channel_3,https://example.com/917,2025-03-27 06:11:48,Extra data 14995
8,1055,4136619,channel_5,https://example.com/628,2025-04-05 06:48:48,Extra data 57378
6,1032,34653506,channel_5,https://example.com/817,2025-03-30 00:59:48,Extra data 42873
2,1001,45577163,channel_1,https://example.com/194,2025-03-18 04:30:48,Extra data 2302
1,1100,34320121,channel_1,https://example.com/899,2025-04-07 21:18:48,Extra data 57563
8,1076,41975691,channel_2,https://example.com/518,2025-03-24 01:42:48,Extra data 46169
3,1023,26117917,channel_5,https://example.com/954,2025-03-17 03:24:48,Extra data 63829
10,1086,22521960,channel_1,https://example.com/186,2025-03-19 03:55:48,Extra data 94818
2,1049,18816600,channel_4,https://example.com/453,2025-04-11 10:00:48,Extra data 83850
15,1077,30743069,channel_3,https://example.com/326,2025-03-15 04:18:48,Extra data 22334
16,1095,17745008,channel_1,https://example.com/920,2025-03-24 13:51:48,Extra data 2612
6,1064,38257310,channel_2,https://example.com/958,2025-03-19 15:02:48,Extra data 65715
16,1092,38527809,channel_1,https://example.com/774,2025-03-28 15:15:48,Extra data 84226
15,1068,32656916,channel_5,https://example.com/551,2025-03-25 00:08:48,Extra data 10509
9,1092,22965264,channel_1,https://example.com/811,2025-03-29 03:52:48,Extra data 89622
7,1018,21825350,channel_5,https://example.com/702,2025-03-16 07:41:48,Extra data 30452
8,1087,21039742,channel_3,https://example.com/196,2025-04-13 05:07:48,Extra data 62791
10,1094,32358595,channel_1,https://example.com/427,2025-04-12 19:42:48,Extra data 65919
8,1047,29574228,channel_1,https://example.com/152,2025-03-18 08:33:48,Extra data 8513
1,1022,17653909,channel_2,https://example.com/862,2025-04-05 10:10:48,Extra data 25987
4,1054,31594721,channel_5,https://example.com/679,2025-03-21 23:42:48,Extra data 82432
4,1059,4020342,channel_2,https://example.com/642,2025-03-28 12:53:48,Extra data 7774
19,1024,7696104,channel_1,https://example.com/453,2025-04-02 10:37:48,Extra data 33992
20,1082,43126563,channel_4,https://example.com/776,2025-03-22 02:45:48,Extra data 42585
4,1003,10065872,channel_5,https://example.com/211,2025-04-12 16:10:48,Extra data 79928
4,1090,4276205,channel_1,https://example.com/765,2025-03-21 17:56:48,Extra data 47669
7,1033,16722501,channel_4,https://example.com/627,2025-03-18 15:06:48,Extra data 14526
2,1085,4038069,channel_4,https://example.com/977,2025-04-09 21:41:48,Extra data 93563
4,1050,43122067,channel_1,https://example.com/277,2025-03-23 07:11:48,Extra data 86314
15,1081,30791451,channel_2,https://example.com/546,2025-03-20 10:50:48,Extra data 18274
3,1071,34277525,channel_5,https://example.com/774,2025-03-23 06:28:48,Extra data 92336
18,1094,14491442,channel_3,https://example.com/276,2025-04-03 19:28:48,Extra data 63251
11,1025,45354363,channel_4,https://example.com/625,2025-03-27 12:55:48,Extra data 93339
20,1023,31706037,channel_3,https://example.com/528,2025-04-09 12:48:48,Extra data 82298
10,1025,4513367,channel_1,https://example.com/513,2025-04-09 08:20:48,Extra data 55783
7,1036,13645053,channel_1,https://example.com/984,2025-04-10 02:20:48,Extra data 2564
9,1051,40159884,channel_3,https://example.com/94,2025-04-13 14:22:48,Extra data 64262
15,1089,2445061,channel_3,https://example.com/195,2025-03-25 10:43:48,Extra data 32524
17,1039,3764290,channel_5,https://example.com/566,2025-03-27 08:37:48,Extra data 58166
6,1048,15135697,channel_1,https://example.com/654,2025-04-07 18:27:48,Extra data 97510
10,1006,37899848,channel_2,https://example.com/81,2025-04-08 15:57:48,Extra data 93648
7,1029,38040784,channel_1,https://example.com/370,2025-03-31 05:02:48,Extra data 97650
19,1056,32486599,channel_2,https://example.com/966,2025-04-05 15:15:48,Extra data 46242
2,1077,48921037,channel_4,https://example.com/207,2025-04-04 17:27:48,Extra data 35082
15,1093,32319491,channel_5,https://example.com/603,2025-03-23 08:08:48,Extra data 28996
19,1057,33852404,channel_2,https://example.com/101,2025-04-03 23:33:48,Extra data 49233
17,1009,15390104,channel_2,https://example.com/677,2025-03-19 22:31:48,Extra data 79981
16,1056,16418759,channel_5,https://example.com/175,2025-04-04 04:58:48,Extra data 14097
2,1046,15396094,channel_5,https://example.com/361,2025-03-20 16:24:48,Extra data 70694
18,1005,36979882,channel_1,https://example.com/883,2025-03-15 21:57:48,Extra data 33078
3,1042,42647139,channel_3,https://example.com/290,2025-03-14 21:15:48,Extra data 52302
17,1029,23665650,channel_1,https://example.com/131,2025-04-12 09:12:48,Extra data 69792
19,1031,6749006,channel_2,https://example.com/50,2025-03-23 22:23:48,Extra data 72660
10,1008,6149984,channel_4,https://example.com/704,2025-03-24 21:04:48,Extra data 24349
12,1062,18444679,channel_5,https://example.com/399,2025-04-11 19:29:48,Extra data 83296
19,1003,30881849,channel_5,https://example.com/662,2025-03-28 02:10:48,Extra data 5938
4,1023,14088701,channel_3,https://example.com/834,2025-03-20 17:20:48,Extra data 98893
12,1012,10178891,channel_4,https://example.com/364,2025-04-01 02:39:48,Extra data 83308
4,1066,27684077,channel_2,https://example.com/82,2025-03-20 11:13:48,Extra data 31798
10,1100,42846422,channel_1,https://example.com/271,2025-03-17 02:59:48,Extra data 33465
17,1061,48451776,channel_2,https://example.com/862,2025-03-28 22:46:48,Extra data 55203
20,1072,25156183,channel_4,https://example.com/884,2025-04-10 15:51:48,Extra data 58295
13,1025,39503274,channel_3,https://example.com/34,2025-03-29 23:58:48,Extra data 25090
9,1067,11119586,channel_2,https://example.com/280,2025-03-21 11:06:48,Extra data 68480
17,1073,19891025,channel_1,https://example.com/768,2025-04-12 22:49:48,Extra data 65116
1,1065,7452095,channel_3,https://example.com/762,2025-03-25 09:25:48,Extra data 91189
13,1087,23509615,channel_3,https://example.com/18,2025-04-07 07:57:48,Extra data 48488
3,1078,14223212,channel_4,https://example.com/640,2025-04-03 16:43:48,Extra data 84892
18,1040,12859108,channel_2,https://example.com/854,2025-04-10 14:58:48,Extra data 30371
5,1086,23327246,channel_4,https://example.com/677,2025-03-28 14:02:48,Extra data 32040
17,1021,3874581,channel_5,https://example.com/982,2025-03-26 19:21:48,Extra data 81711
13,1029,6601858,channel_2,https://example.com/685,2025-03-21 02:00:48,Extra data 46212
15,1100,14751412,channel_4,https://example.com/810,2025-03-23 08:43:48,Extra data 87942
14,1026,6229851,channel_4,https://example.com/526,2025-03-15 21:30:48,Extra data 19206
1,1085,28610118,channel_1,https://example.com/34,2025-04-06 05:56:48,Extra data 66677
19,1055,5036883,channel_3,https://example.com/467,2025-03-27 15:40:48,Extra data 95327
10,1057,4170261,channel_3,https://example.com/181,2025-03-13 19:14:48,Extra data 96556
16,1010,24346455,channel_2,https://example.com/188,2025-04-09 04:17:48,Extra data 13864
5,1034,28208152,channel_2,https://example.com/768,2025-03-28 04:19:48,Extra data 1014
6,1095,44074170,channel_3,https://example.com/672,2025-03-15 15:20:48,Extra data 61237
3,1031,34890318,channel_2,https://example.com/247,2025-03-17 10:06:48,Extra data 38370
1,1072,3228219,channel_1,https://example.com/588,2025-03-25 13:02:48,Extra data 31934
3,1055,49859486,channel_5,https://example.com/518,2025-03-28 05:20:48,Extra data 92300
10,1001,44066364,channel_3,https://example.com/21,2025-04-06 08:19:48,Extra data 86989
6,1053,34439746,channel_3,https://example.com/753,2025-03-14 00:38:48,Extra data 46758
16,1089,42605783,channel_5,https://example.com/146,2025-03-18 12:36:48,Extra data 24344
17,1062,17805859,channel_5,https://example.com/670,2025-03-22 00:01:48,Extra data 85658
15,1019,25921252,channel_2,https://example.com/819,2025-03-27 09:28:48,Extra data 50769
6,1018,26093131,channel_4,https://example.com/304,2025-03-28 21:24:48,Extra data 87839
13,1077,49175076,channel_4,https://example.com/708,2025-04-03 22:43:48,Extra data 21403
20,1006,22998605,channel_5,https://example.com/139,2025-04-02 16:56:48,Extra data 55874
18,1069,7641529,channel_3,https://example.com/90,2025-04-06 14:09:48,Extra data 91875
19,1094,39797303,channel_3,https://example.com/173,2025-04-09 16:24:48,Extra data 45583
7,1059,43077417,channel_5,https://example.com/166,2025-03-23 05:28:48,Extra data 56484
11,1085,1298379,channel_2,https://example.com/46,2025-03-23 15:14:48,Extra data 41406
2,1078,21396070,channel_4,https://example.com/905,2025-04-11 20:00:48,Extra data 294
8,1012,21995955,channel_5,https://example.com/742,2025-04-10 14:30:48,Extra data 14139
14,1033,39556400,channel_3,https://example.com/429,2025-03-25 19:27:48,Extra data 50073
10,1058,38778034,channel_4,https://example.com/363,2025-03-22 14:39:48,Extra data 16914
19,1036,40031929,channel_3,https://example.com/333,2025-04-13 01:11:48,Extra data 81250
11,1084,44714926,channel_5,https://example.com/152,2025-03-18 01:12:48,Extra data 53349
1,1096,32883935,channel_3,https://example.com/826,2025-03-22 01:17:48,Extra data 13483
7,1006,20337870,channel_5,https://example.com/680,2025-03-22 04:50:48,Extra data 61664
10,1017,31313693,channel_4,https://example.com/371,2025-03-23 12:24:48,Extra data 74417
18,1011,39228220,channel_5,https://example.com/769,2025-04-05 14:39:48,Extra data 48238
16,1003,44701792,channel_5,https://example.com/644,2025-03-31 01:48:48,Extra data 13919
2,1087,18190062,channel_1,https://example.com/434,2025-03-23 22:28:48,Extra data 83294
11,1069,10053458,channel_4,https://example.com/439,2025-03-25 16:23:48,Extra data 43309
18,1061,30172525,channel_3,https://example.com/900,2025-04-06 11:58:48,Extra data 70282
18,1009,4499930,channel_5,https://example.com/436,2025-04-01 07:04:48,Extra data 56566
14,1002,27239604,channel_2,https://example.com/772,2025-04-02 05:53:48,Extra data 21724
12,1023,30069296,channel_4,https://example.com/14,2025-04-08 06:25:48,Extra data 27344
12,1029,28903273,channel_2,https://example.com/812,2025-04-03 16:53:48,Extra data 40221
12,1073,46357456,channel_1,https://example.com/238,2025-03-22 17:44:48,Extra data 10018
10,1062,39587429,channel_4,https://example.com/945,2025-03-30 06:23:48,Extra data 18501
6,1012,27738513,channel_1,https://example.com/88,2025-03-19 12:15:48,Extra data 22753
7,1009,46498597,channel_2,https://example.com/100,2025-03-16 02:53:48,Extra data 86596
9,1058,11768283,channel_5,https://example.com/335,2025-04-12 17:11:48,Extra data 21109
18,1032,42156966,channel_4,https://example.com/474,2025-04-04 03:56:48,Extra data 85278
4,1042,37607486,channel_4,https://example.com/812,2025-03-21 01:21:48,Extra data 64211
14,1099,49367542,channel_5,https://example.com/334,2025-03-30 22:13:48,Extra data 51546
16,1057,18330343,channel_1,https://example.com/892,2025-04-06 07:13:48,Extra data 61604
4,1051,22104059,channel_3,https://example.com/541,2025-03-20 20:48:48,Extra data 2502
19,1043,14353070,channel_5,https://example.com/981,2025-03-23 16:47:48,Extra data 64100
2,1012,38014162,channel_3,https://example.com/205,2025-03-14 02:59:48,Extra data 73472
12,1098,6165144,channel_1,https://example.com/631,2025-03-22 22:13:48,Extra data 20803
2,1010,14287263,channel_4,https://example.com/564,2025-03-14 17:03:48,Extra data 41091
15,1032,7266961,channel_1,https://example.com/852,2025-03-21 08:18:48,Extra data 5848
14,1049,18400265,channel_3,https://example.com/999,2025-03-19 11:12:48,Extra data 7425
14,1006,13843828,channel_4,https://example.com/197,2025-03-20 13:20:48,Extra data 89407
10,1060,39488972,channel_5,https://example.com/652,2025-03-15 00:36:48,Extra data 83993
20,1071,32848761,channel_4,https://example.com/706,2025-03-23 05:31:48,Extra data 15769
13,1086,21901436,channel_5,https://example.com/41,2025-03-20 01:37:48,Extra data 28362
18,1038,31349614,channel_4,https://example.com/868,2025-03-25 16:45:48,Extra data 99081
3,1056,18757084,channel_5,https://example.com/385,2025-04-01 00:38:48,Extra data 46409
1,1037,13021070,channel_4,https://example.com/381,2025-03-23 05:22:48,Extra data 74555
1,1005,24072404,channel_1,https://example.com/341,2025-03-23 10:36:48,Extra data 36221
10,1019,16114509,channel_2,https://example.com/780,2025-03-14 22:15:48,Extra data 78622
1,1049,19942571,channel_2,https://example.com/533,2025-03-29 08:43:48,Extra data 65062
19,1046,16946217,channel_4,https://example.com/994,2025-03-27 23:37:48,Extra data 63655
10,1059,23684027,channel_3,https://example.com/767,2025-03-18 09:23:48,Extra data 80634
18,1085,2907891,channel_4,https://example.com/57,2025-04-03 20:28:48,Extra data 22360
11,1037,17327945,channel_2,https://example.com/338,2025-04-07 19:33:48,Extra data 22055
10,1003,2090689,channel_4,https://example.com/703,2025-03-24 01:20:48,Extra data 19437
7,1056,7216533,channel_3,https://example.com/510,2025-03-14 15:27:48,Extra data 99192
13,1058,36321015,channel_3,https://example.com/879,2025-04-12 12:19:48,Extra data 77138
3,1048,39090231,channel_5,https://example.com/600,2025-04-09 09:08:48,Extra data 12054
16,1011,25103053,channel_1,https://example.com/38,2025-03-18 00:10:48,Extra data 45929
10,1015,8778861,channel_4,https://example.com/694,2025-04-04 03:15:48,Extra data 7485
6,1009,15419592,channel_4,https://example.com/299,2025-03-24 03:52:48,Extra data 55956
17,1016,6681839,channel_4,https://example.com/546,2025-03-18 13:52:48,Extra data 21045
7,1010,10672635,channel_3,https://example.com/167,2025-04-06 04:43:48,Extra data 23383
3,1075,19843056,channel_4,https://example.com/345,2025-04-04 12:53:48,Extra data 40780
3,1028,2705467,channel_1,https://example.com/372,2025-03-13 22:11:48,Extra data 14538
6,1013,8367129,channel_2,https://example.com/143,2025-03-20 14:13:48,Extra data 85063
6,1050,44377234,channel_4,https://example.com/635,2025-04-11 17:37:48,Extra data 54462
8,1022,13335877,channel_2,https://example.com/906,2025-03-29 17:45:48,Extra data 27819
7,1030,17199479,channel_3,https://example.com/792,2025-03-13 19:47:48,Extra data 85357
18,1026,26874822,channel_2,https://example.com/46,2025-03-16 12:36:48,Extra data 85178
16,1028,7499089,channel_1,https://example.com/317,2025-03-17 05:56:48,Extra data 39054
16,1012,14168867,channel_1,https://example.com/901,2025-03-24 09:26:48,Extra data 4529
3,1055,36408739,channel_4,https://example.com/577,2025-03-31 22:33:48,Extra data 59816
5,1080,25028469,channel_1,https://example.com/775,2025-03-29 10:13:48,Extra data 48772
16,1072,1482435,channel_4,https://example.com/285,2025-03-16 02:32:48,Extra data 48695
